CustomerKey,GeoAreaKey,StartDT,EndDT,Continent,Gender,Title,GivenName,MiddleInitial,Surname,StreetAddress,City,State,StateFull,ZipCode,Country,CountryFull,Birthday,Age,Occupation,Company,Vehicle,Latitude,Longitude
15,4,9/10/1990,7/29/2034,Australia,male,Mr.,Julian,A,McGuigan,25 Railway Street,CANNING CREEK,QLD,Queensland,4357,AU,Australia,3/24/1965,55,Border Patrol agent,Cut Rite Lawn Care,2000 Peugeot Kart Up,-27.8317,151.1667
23,8,8/11/1995,1/26/2045,Australia,female,Ms.,Rose,H,Dash,92 Foreshore Road,GUILDFORD,WA,Western Australia,6055,AU,Australia,5/10/1990,30,Agricultural and food scientist,Rack N Sack,2005 Volvo XC90,-31.9197,116.0479
36,2,3/12/1992,5/14/2044,Australia,female,Ms.,Annabelle,J,Townsend,83 Webb Road,MAYFIELD NORTH,NSW,New South Wales,2304,AU,Australia,7/16/1964,56,Special education teacher,id Boutiques,1999 Lancia Lybra,-32.8818,151.7081
120,6,7/23/1983,8/9/2033,Australia,male,Mr.,Jamie,H,Hetherington,3 Link Road,REEKARA,TAS,Tasmania,7256,AU,Australia,########,74,Dental laboratory technician,Showbiz Pizza Place,2006 Dodge Durango,-39.771,144.0198
180,7,########,########,Australia,male,Mr.,Gabriel,P,Bosanquet,50 Larissa Court,YELTA,VIC,Victoria,3505,AU,Australia,4/24/1955,65,Administrative support specialist,Dubrow's Cafeteria,1995 Morgan Plus 4,-34.1274,142.1444
185,2,8/1/1990,5/28/2029,Australia,female,Mrs.,Gabrielle,B,Castella,74 Old Tenterfield Road,MALLANGANEE,NSW,New South Wales,2469,AU,Australia,2/23/1980,40,Management dietitian,d.e.m.o.,1997 Alpina B6,-29.0129,152.8392
189,7,7/5/2008,11/1/2017,Australia,female,Ms.,Hayley,C,Jull,61 McKillop Street,ROCKY POINT,VIC,Victoria,3377,AU,Australia,4/18/1960,60,Sculptor,Asian Plan,2006 Alpina B5,-37.3394,142.9124
210,2,9/28/1980,5/8/2030,Australia,female,Mrs.,Natalie,L,Hilder,63 Davenport Street,PADDYS FLAT,NSW,New South Wales,2632,AU,Australia,########,70,Motel desk clerk,Enrich Garden Services,1995 Ford Fairlane,-36.8434,149.0506
225,7,6/25/1985,9/25/2017,Australia,male,Mr.,Hunter,J,Hutchins,81 Bayley Street,KINGLAKE,VIC,Victoria,3763,AU,Australia,7/20/1978,42,Teletype operator,Mr. Good Buys,2012 Lexus GX,-37.5066,145.4406
243,2,2/7/1982,2/9/2027,Australia,female,Ms.,Maya,J,Atherton,53 Pipeclay Road,KINDEE,NSW,New South Wales,2446,AU,Australia,5/15/1954,66,Pilates instructor,Franklin Music,1995 Chevrolet Caprice,-31.3623,152.387
276,7,3/10/2002,2/18/2021,Australia,male,Mr.,George,E,Angliss,33 Gaffney Street,BELVEDERE PARK,VIC,Victoria,3198,AU,Australia,########,53,Office clerk,De Pinna,2002 Rover 25,-38.0305,145.209
311,7,9/13/1989,8/13/2026,Australia,female,Mrs.,Milla,H,Niland,33 Garden Place,TEDDYWADDY,VIC,Victoria,3525,AU,Australia,########,65,Housekeeper,Multicerv,1992 Lexus LS,-36.2558,143.4798
322,2,9/27/1993,6/30/2031,Australia,female,Ms.,Alexandra,D,Stephen,61 Hart Street,GREEN CREEK,NSW,New South Wales,2338,AU,Australia,7/11/1974,46,Administrative clerk,Almacs,2008 Dodge Grand Caravan,-31.7794,150.9725
385,5,########,########,Australia,female,Ms.,Katie,Z,Oberg,11 Holthouse Road,FLAXMAN VALLEY,SA,South Australia,5235,AU,Australia,5/27/1997,23,Athletic director,Kiddie City,1996 Chevrolet Monte Carlo,-34.8033,139.0143
387,8,6/28/1989,########,Australia,female,Ms.,Tahlia,J,Underwood,85 Point Walter Road,COOLBELLUP,WA,Western Australia,6163,AU,Australia,########,35,Patient representative,Team Designers and Associates,2005 Volkswagen Sharan,-32.0676,115.8635
406,5,8/16/1994,1/6/2042,Australia,male,Mr.,Oliver,S,Corrie,57 Black Point Drive,COWELL,SA,South Australia,5602,AU,Australia,########,48,Aircraft engineer,Star Merchant Services,2000 Mitsubishi Minica,-33.5969,136.8597
423,7,########,8/30/2045,Australia,female,Mrs.,Tayla,J,De Maistre,32 Marley Point Road,GORMANDALE,VIC,Victoria,3873,AU,Australia,########,45,Power dispatcher,Audio Visions,1999 SsangYong W Coupe,-38.2647,146.6339
493,7,########,########,Australia,female,Mrs.,Abby,C,Iredale,20 Swanston Street,BANGERANG,VIC,Victoria,3393,AU,Australia,########,40,Material dispatching,S&W Cafeteria,2005 Daihatsu Atrai,-36.2637,142.3649
501,4,########,3/1/2027,Australia,male,Mr.,Elijah,G,England,51 Hay Point Road,OORALEA,QLD,Queensland,4740,AU,Australia,4/13/1990,30,Medical geographer,Wheels Discount Auto,1997 Oldsmobile SS,-21.2676,149.0757
505,2,11/5/1985,11/6/2044,Australia,female,Mrs.,Elizabeth,J,Verge,59 Edgewater Close,TAPITALLEE,NSW,New South Wales,2540,AU,Australia,6/24/1958,62,Veterinary technician,Exact Realty,1992 Chrysler Viper,-34.9838,150.5903
545,2,6/30/1982,8/26/2039,Australia,male,Mr.,Jordan,L,Batt,75 Frencham Street,HOLBROOK,NSW,New South Wales,2644,AU,Australia,3/15/1964,56,Remedial education teacher,Food Barn,2003 GMC Envoy,-35.7542,147.4515
574,2,2/25/2007,1/4/2042,Australia,male,Mr.,Brayden,A,Vanthoff,62 Fernleigh Ave,CARINDA,NSW,New South Wales,2831,AU,Australia,1/12/1959,62,Health education specialist,Waccamaw Pottery,2005 Suzuki Swift,-31.4788,146.3501
586,7,3/21/2007,1/11/2029,Australia,female,Ms.,Dakota,H,McCormick,1 Marley Point Road,JUMBUK,VIC,Victoria,3869,AU,Australia,9/8/1945,75,Railroad switch operator,Quality Event Planner,2012 Nissan Grand Livina,-38.4728,146.3136
609,7,9/16/1987,########,Australia,female,Mrs.,Lucy,K,Parrott,22 Thomas Lane,BELLFIELD,VIC,Victoria,3081,AU,Australia,4/3/1947,73,Shipping clerk,Dream Home Real Estate Service,2004 Mitsubishi Galant,-37.8137,145.0196
649,2,2/20/2000,7/29/2038,Australia,female,Ms.,Katie,D,Clint,84 Plug Street,OLD MILL,NSW,New South Wales,2369,AU,Australia,4/4/1937,83,Cost estimator,Fellowship Investments,2006 Mazda CX-7,-29.9401,151.3969
661,2,2/17/1985,########,Australia,male,Mr.,Archie,J,Hugh,60 Gaggin Street,KARUAH,NSW,New South Wales,2324,AU,Australia,1/13/1994,27,Magistrate,Discount Furniture Showcase,2003 Mazda 2,-32.6784,152.0914
668,7,6/4/1988,7/24/2023,Australia,male,Mr.,Elijah,A,Culpin,23 Gaffney Street,RIPPLESIDE,VIC,Victoria,3215,AU,Australia,9/14/1966,54,Project manager,Colonial Stores,2002 Chrysler Voyager,-38.1554,144.3848
675,4,########,8/5/2038,Australia,female,Mrs.,Natasha,A,Moulds,4 Begley Street,NORMANTON,QLD,Queensland,4890,AU,Australia,4/14/1956,64,Gaming investigator,Modern Realty,1992 Oldsmobile Custom Cruiser,-17.9662,141.1113
688,8,########,########,Australia,female,Ms.,Tahlia,T,Fergusson,19 Loris Way,TOWNSENDALE,WA,Western Australia,6311,AU,Australia,3/30/1992,28,Accountant,CSK Auto,1992 Alpina B 12,-32.7303,117.1999
741,2,7/16/1988,12/2/2033,Australia,male,Mr.,Ben,A,Warner,92 Frencham Street,TOOMA,NSW,New South Wales,2642,AU,Australia,4/25/1937,83,Refuse and recyclable material collector,Circus World,2008 BMW 645,-35.974,147.5471
786,4,12/8/1996,4/18/2042,Australia,male,Mr.,John,T,Preston,28 Martens Place,BURBANK,QLD,Queensland,4156,AU,Australia,7/23/1952,68,Telephone installer,Integra Investment Service,2007 Renault Sandero,-27.5703,153.2274
827,2,6/7/1983,########,Australia,female,Ms.,Erin,B,Kellermann,48 Elgin Street,OAKHAMPTON,NSW,New South Wales,2320,AU,Australia,11/9/1980,40,Pedicurist,Express Merchant Service,2011 Buick Park Avenue,-32.8262,151.6314
835,7,6/18/2000,1/25/2038,Australia,male,Mr.,Jett,I,Wayn,38 Bourke Crescent,DOUGLAS,VIC,Victoria,3409,AU,Australia,6/23/1996,24,Hearing therapist,Sammy's Record Shack,1999 Volkswagen Jetta,-36.9057,141.6535
855,7,8/3/1987,8/2/2018,Australia,female,Ms.,Kaitlyn,B,Bogle,10 Edmundsons Road,MOLLONGGHIP,VIC,Victoria,3352,AU,Australia,1/21/1999,22,Textile bleaching and dyeing machine operator,Your Future Is Now,1998 Eagle Vision,-37.592,143.7194
859,4,5/15/1980,3/2/2024,Australia,female,Ms.,Mia,W,Bedggood,15 Feather Street,ENOGGERA RESERVOIR,QLD,Queensland,4520,AU,Australia,6/2/1956,64,Lathe and turning machine tool setter,Honest Air Group,2015 Volkswagen CC,-27.416,152.8554
862,7,########,6/14/2032,Australia,female,Ms.,Imogen,S,Levi,23 Corio Street,IRREWILLIPE,VIC,Victoria,3249,AU,Australia,5/26/1942,78,Policy analyst,Hill-Behan,1995 Renault Espace,-38.3549,143.5583
864,2,2/2/1988,6/6/2034,Australia,male,Mr.,Jake,A,McGahey,27 Forrest Road,ENNGONIA,NSW,New South Wales,2840,AU,Australia,4/27/1972,48,Gynecologic sonographer,Complete Tech,2005 Maserati Coupe,-29.7495,145.0716
865,8,6/10/1984,2/6/2038,Australia,male,Mr.,Zane,A,Shellshear,43 Lapko Road,TINGLEDALE,WA,Western Australia,6333,AU,Australia,6/19/1978,42,Human resources assistant,Gottschalks,2012 Nissan Rogue,-34.8235,117.0272
878,2,########,8/5/2042,Australia,female,Ms.,Claire,M,Magoffin,86 Black Range Road,NELSON,NSW,New South Wales,2550,AU,Australia,7/16/1978,42,Winch operator,Channel Home Centers,2001 Honda Accord,-36.8664,149.7341
892,7,5/19/2009,8/18/2041,Australia,male,Mr.,Aiden,K,Sholl,18 Frouds Road,HASTINGS,VIC,Victoria,3915,AU,Australia,########,20,Cardiographic technician,KB Toys,1999 Pontiac GTO,-38.338,145.1661
897,5,6/21/1989,1/30/2041,Australia,male,Mr.,Luke,G,Urquhart,8 Corny Court,BOOKABIE,SA,South Australia,5690,AU,Australia,########,43,Children's librarian,Anderson-Little,2010 Jeep Compass,-31.6302,131.9505
904,7,4/22/1987,9/21/2025,Australia,male,Mr.,Taj,L,Fernando,57 Settlement Road,MAFFRA,VIC,Victoria,3860,AU,Australia,11/3/1984,36,Interpreter,Magik Grey,1994 Mazda Millenia,-37.822,146.9479
928,8,12/8/1985,########,Australia,female,Mrs.,Caitlyn,M,Viner,69 Alfred Street,BANDY CREEK,WA,Western Australia,6450,AU,Australia,########,83,Full-charge bookkeeper,Monlinks,2009 Daewoo Kalos,-33.2493,122.5487
940,5,########,3/18/2039,Australia,female,Ms.,Natasha,J,Grills,52 Rupara Street,GULFVIEW HEIGHTS,SA,South Australia,5096,AU,Australia,6/13/1968,52,Psychiatric technician,Paul's Food Mart,2003 Volvo V70,-34.776,138.6024
954,2,5/15/1995,4/23/2033,Australia,male,Mr.,Mason,P,Anderson,64 Kogil Street,TIKITERE,NSW,New South Wales,2400,AU,Australia,1/20/1967,54,Vending machine repairer,VitaGrey,1995 Volvo 960,-29.3764,149.5077
955,7,4/22/1982,1/24/2038,Australia,female,Ms.,Mary,Z,Gillan,34 Larissa Court,MARONG,VIC,Victoria,3515,AU,Australia,3/14/1964,56,Administrative office specialist,Dun Rite Lawn Maintenance,1998 Oldsmobile Alero,-36.7563,144.0073
957,2,10/8/1989,3/3/2043,Australia,female,Mrs.,Lucy,C,Marriott,60 Albacore Crescent,ALPINE,NSW,New South Wales,2575,AU,Australia,########,21,Sketch artist,House 2 Home,2002 Lada 2123,-34.3965,150.3604
963,5,5/16/1985,########,Australia,male,Mr.,Levi,N,Coningham,51 English Street,TOORA,SA,South Australia,5253,AU,Australia,8/7/1955,65,Executive administrator,Food Giant,2005 Aston Martin V8 Vantage,-35.1705,139.4696
977,4,3/16/1988,5/3/2038,Australia,female,Dr.,Mariam,J,Bourke,59 Ross Street,MOUNT NATHAN,QLD,Queensland,4211,AU,Australia,4/14/1968,52,Parole officer,Adapt,2001 Suzuki Covie,-28.027,153.2736
992,5,8/14/1984,7/7/2031,Australia,male,Mr.,Owen,L,Baragwanath,68 Henley Beach Road,ASHTON,SA,South Australia,5137,AU,Australia,7/6/1998,22,Executive assistant,Gart Sports,2000 BMW 318,-34.9891,138.808
1000,6,6/14/1985,11/2/2043,Australia,male,Mr.,Edward,L,McCash,15 Dossiter Street,POLICE POINT,TAS,Tasmania,7116,AU,Australia,########,79,Security officer,CSK Auto,2011 Rolls-Royce Phantom,-43.3465,146.365
1045,5,6/23/2003,9/28/2038,Australia,male,Mr.,Liam,A,Kiddle,43 Church Street,MCCALLUM,SA,South Australia,5267,AU,Australia,8/24/1962,58,Stenocaptioner,Boys Markets,2010 Mercury Mountaineer,-36.1811,140.4554
1048,5,7/3/1981,1/21/2023,Australia,female,Ms.,Evie,R,Parnell,96 Kaesler Road,LAMEROO,SA,South Australia,5302,AU,Australia,1/20/1965,56,Personnel consultant,Superior Appraisals,2005 Subaru G3X,-35.547,140.3679
1080,2,9/24/1999,2/5/2031,Australia,female,Ms.,Isla,J,Uther,61 Prince Street,SOUTH ARM,NSW,New South Wales,2460,AU,Australia,########,62,Multiple machine tool setter,"Deco Refreshments, Inc.",2005 Isuzu Trooper,-29.6589,152.7174
1092,7,5/28/2000,########,Australia,male,Mr.,Jeremy,P,Burbidge,32 Marley Point Road,BUDGEREE,VIC,Victoria,3870,AU,Australia,########,28,Hydrographic surveyor,Twin Food Stores,2001 Ford Windstar,-38.2977,146.1793
1185,7,4/20/1996,########,Australia,female,Ms.,Ella,O,Gunter,92 Cornish Street,DELAHEY,VIC,Victoria,3037,AU,Australia,3/9/2001,19,Hand packager,Unity Stationers,1994 Toyota Supra,-37.6439,144.7837
1194,6,9/6/2001,5/16/2029,Australia,male,Mr.,Cooper,B,Saville-Kent,85 Benny Street,TUGRAH,TAS,Tasmania,7310,AU,Australia,########,33,Ship officer,First Choice Yard Help,2007 Pontiac G5,-41.5306,146.0443
1204,2,4/26/1985,12/1/2044,Australia,male,Mr.,Hunter,A,Farran-Ridge,83 Millicent Drive,BULAHDELAH,NSW,New South Wales,2423,AU,Australia,4/20/1980,40,Residence leasing agent,Red Owl,1992 Venturi Cabriolet,-32.4408,152.2039
1259,7,4/3/1980,8/18/2013,Australia,male,Mr.,William,E,Fairfax,54 Gaffney Street,NORLANE,VIC,Victoria,3214,AU,Australia,5/3/1963,57,Extruding and forming machine operator,Parade of Shoes,2010 Nissan Rogue,-38.0831,144.2573
1291,5,1/31/1986,8/20/2012,Australia,female,Ms.,Ellie,O,Cayley,11 Gadd Avenue,KALLORA,SA,South Australia,5550,AU,Australia,########,30,Accounts payable clerk,William Wanamaker & Sons,2008 Lada Niva,-34.2327,138.1776
1294,7,1/10/1982,5/27/2041,Australia,male,Mr.,Luke,A,Simos,91 Commercial Street,NULLA VALE,VIC,Victoria,3435,AU,Australia,########,61,Motion picture camera operator,J. B. Van Sciver,2007 Mitsubishi Grandis,-37.2471,144.6849
1296,8,2/11/1987,7/6/2035,Australia,male,Mr.,Liam,N,Bird,76 Banksia Street,WOOROLOO,WA,Western Australia,6558,AU,Australia,8/17/1992,28,Bench carpenter,Colonial Stores,2008 BMW M3,-31.8127,116.4322
1306,6,8/13/1991,4/12/2008,Australia,female,Ms.,Ruby,I,Michell,99 Pelican Road,TOLMANS HILL,TAS,Tasmania,7007,AU,Australia,2/4/1989,31,Apartment house manager,Parade of Shoes,2001 Chevrolet Cavalier,-42.9085,147.3963
1337,4,7/7/1980,6/17/2025,Australia,male,Mr.,Alexander,T,Carlile,41 Jones Road,BELLBOWRIE,QLD,Queensland,4070,AU,Australia,5/6/1990,30,Cooperative manager,Old America Stores,2001 BMW 530,-27.4873,152.8179
1358,7,########,3/28/2030,Australia,female,Ms.,Stella,S,Dawn,13 Walters Street,WINTON,VIC,Victoria,3673,AU,Australia,########,82,Contract cutter,Singer Lumber,2012 Hyundai Accent,-36.6324,146.113
1362,4,6/4/1987,9/18/2030,Australia,female,Ms.,Ava,C,Ennor,70 Creek Street,KELVINHAUGH,QLD,Queensland,4401,AU,Australia,4/25/1940,80,Electronic equipment repairer,Monk Real Estate Service,2011 Honda Insight,-27.5303,151.6025
1371,2,10/6/1987,7/3/2045,Australia,male,Mr.,Tyler,G,Weatherburn,97 Cecil Street,WEST PENNANT HILLS,NSW,New South Wales,2125,AU,Australia,4/11/1999,21,Receiving clerk,Laura Ashley,2012 Scion xD,-33.8484,150.9799
1376,4,5/9/1982,########,Australia,female,Mrs.,Abigail,C,Thynne,44 Capper Street,STOCKHAVEN,QLD,Queensland,4625,AU,Australia,7/18/1983,37,Motorcycle mechanic,Circuit City,2004 Audi Allroad,-25.6576,151.6057
1381,2,1/2/1990,8/18/2022,Australia,male,Mr.,Oscar,Z,Younger,95 Berambing Crescent,UPPER MACDONALD,NSW,New South Wales,2775,AU,Australia,9/10/1986,34,Training consultant,Ole's,2001 Jaguar X-Type,-33.3189,150.9407
1392,4,4/6/1981,3/22/2020,Australia,female,Ms.,Lara,A,Sharkey,41 Woodwark Crescent,SILVER VALLEY,QLD,Queensland,4872,AU,Australia,########,22,Self enrichment teacher,Cavages,1997 Auverland A3,-17.9068,145.2647
1401,7,6/3/2008,########,Australia,male,Mr.,Isaac,R,Hoadley,11 Roseda-Tinamba Road,WONGA,VIC,Victoria,3960,AU,Australia,########,29,Refractory mason,Olson Electronics,2005 Maserati MC12,-38.8417,146.3764
1442,8,8/2/1989,5/8/2017,Australia,male,Mr.,Daniel,A,Pelsaert,95 Jacolite Street,SAWYERS VALLEY,WA,Western Australia,6074,AU,Australia,########,68,HVAC technician,Dahlkemper's,2000 Kia Rio,-31.8712,116.2788
1443,5,9/18/1992,6/27/2005,Australia,female,Ms.,Alannah,R,Lambrick,29 Peterho Boulevard,MACDONALD PARK,SA,South Australia,5121,AU,Australia,9/12/1972,48,Education planner,Zany Brainy,1993 Donkervoort S8,-34.6613,138.6176
1471,4,6/6/1983,8/21/2040,Australia,female,Mrs.,Alica,C,Ecuyer,2 Hillsdale Road,DOONGUL,QLD,Queensland,4620,AU,Australia,1/12/1964,57,Banker investigator,Superior Appraisals,2003 Mini One,-25.6129,152.2605
1477,4,5/20/2003,########,Australia,male,Mr.,Charles,A,Fulton,37 South Molle Boulevard,RUNGOO,QLD,Queensland,4849,AU,Australia,3/21/1952,68,Secretarial assistant,"10,000 Auto Parts",1999 Hyundai Dynasty,-18.2814,145.9742
1481,5,5/27/2008,8/12/2017,Australia,male,Mr.,Joel,E,Blake,58 Sunnyside Road,CRESCENT,SA,South Australia,5341,AU,Australia,6/23/1995,25,Spray machine operator,Afforda Merchant Services,2005 Vauxhall Frontera,-34.2603,140.8157
1495,2,########,8/6/2037,Australia,female,Mrs.,Mariam,S,Toomey,55 Bass Street,BUNGABBEE,NSW,New South Wales,2480,AU,Australia,6/23/1999,21,Real estate broker,On Cue,2009 Kia Magentis,-28.682,153.2326
1509,8,8/26/1981,4/18/2019,Australia,male,Mr.,Liam,L,Levi,18 Ranworth Road,MANNING,WA,Western Australia,6152,AU,Australia,10/9/1991,29,Benefits director,Briazz,2002 Land Rover Discovery,-31.9386,115.9247
1539,2,########,4/23/2027,Australia,female,Mrs.,Rachel,L,Schomburgk,34 Campbells River Road,URAWILKIE,NSW,New South Wales,2829,AU,Australia,4/11/1976,44,Personal and home care aide,Present Company,2009 Volvo V70,-30.7998,148.1198
1556,7,8/19/1988,8/10/2039,Australia,female,Mrs.,Lily,T,Strickland,12 Henry Street,EAST GEELONG,VIC,Victoria,3219,AU,Australia,########,46,U.S. Secret Service agent,Sandy's,1999 Cadillac Eldorado,-38.122,144.4029
1560,7,6/3/1980,2/18/2030,Australia,female,Ms.,Isabel,E,Soward,97 McPherson Road,PRENTICE NORTH,VIC,Victoria,3685,AU,Australia,1/7/1990,31,Radiation protection technician,Asian Answers,2007 Opel Tigra,-36.0437,146.5352
1583,4,7/30/1991,########,Australia,male,Mr.,Joel,K,Strele,37 Ocean Pde,TOONPAN,QLD,Queensland,4816,AU,Australia,4/18/1936,84,Office and administrative support worker manager,Buena Vista Garden Maintenance,1992 Volvo 480,-20.5916,144.9576
1587,2,7/5/1980,7/31/2012,Australia,female,Ms.,Maddison,T,Bonwick,62 Queen Street,QUEENSCLIFF,NSW,New South Wales,2096,AU,Australia,8/11/1982,38,Audio control engineer,Kids Mart,1998 Fiat Coupe,-33.6931,151.1899
1594,5,########,########,Australia,female,Ms.,Brianna,T,McGowan,51 Bayview Road,KOOLGERA,SA,South Australia,5661,AU,Australia,8/20/1986,34,Machine setter,Handy Dan,1993 Hyundai Lantra,-32.4769,134.6051
1613,2,3/6/2004,1/21/2017,Australia,female,Mrs.,Caitlyn,J,Willmott,30 Nandewar Street,COFFS HARBOUR JETTY,NSW,New South Wales,2450,AU,Australia,########,23,Extractive metallurgical engineer,Shoe Pavilion,1998 Peugeot 406,-30.1922,152.6906
1635,5,4/22/1993,12/2/2045,Australia,female,Ms.,Summer,O,Meeson,97 Sunnyside Road,KATARAPKO,SA,South Australia,5343,AU,Australia,6/5/1988,32,Laboratory animal technician,Witmark,1993 Bentley Brooklands,-34.3385,140.6683
1706,8,12/1/1992,6/3/2027,Australia,female,Mrs.,Lilian,A,Wheelwright,8 Ashton Road,ADAMSVALE,WA,Western Australia,6375,AU,Australia,6/22/1998,22,Personnel development specialist,Clemens Markets,2012 Holden Captiva,-32.4169,117.7986
1726,7,3/2/1984,########,Australia,female,Mrs.,Mikayla,H,Curtain,73 Taltarni Road,YAWONG HILLS,VIC,Victoria,3478,AU,Australia,3/22/1964,56,Crop scientist,Waves Music,1992 Citroen C 15,-36.695,143.2777
1731,2,12/9/1992,5/17/2009,Australia,female,Mrs.,Maddison,L,Bartley,5 Brown Street,MISSENDEN ROAD,NSW,New South Wales,2050,AU,Australia,8/31/1951,69,CNC programmer,Practi-Plan Mapping,2007 Holden Epica,-33.8066,151.1686
1751,2,1/22/1990,########,Australia,male,Mr.,Callum,S,Farquharson,91 Plug Street,LIMESTONE,NSW,New South Wales,2361,AU,Australia,8/1/1980,40,Electrical power line repairer,Wealthy Ideas,1995 Audi RS2,-29.2379,151.1299
1767,8,2/19/1990,7/24/2032,Australia,female,Mrs.,Emma,L,Challis,31 Daly Terrace,LEDGE POINT,WA,Western Australia,6043,AU,Australia,8/25/1997,23,Airline copilots,Peaches,2009 Toyota FJ Cruiser,-31.0198,115.3195
1800,2,4/12/1990,3/2/2017,Australia,female,Ms.,Rose,A,Luttrell,22 Black Range Road,TOOTHDALE,NSW,New South Wales,2550,AU,Australia,########,61,Packer,Mighty Casey's,2001 Hyundai Santa Fe,-36.8046,149.6695
1802,5,8/4/1980,6/20/2045,Australia,male,Mr.,Sebastian,A,Andrew,28 Sinclair Street,CUNNINGHAM,SA,South Australia,5571,AU,Australia,10/4/1942,78,Physical therapist,Weenie Beenie,2006 SsangYong Rexton,-34.5132,137.8134
1806,2,8/31/1981,4/14/2031,Australia,female,Mrs.,Jorja,W,Cleggett,29 Queen Street,CROMER HEIGHTS,NSW,New South Wales,2099,AU,Australia,5/26/1993,27,Packaging and filling machine operator,Mostow Co.,2011 Mercury Mariner,-33.7225,151.2072
1807,2,5/6/2000,3/14/2033,Australia,male,Mr.,Sam,S,Waldock,71 Pipeclay Road,MARLO MERRICAN,NSW,New South Wales,2446,AU,Australia,2/10/1998,22,Long-term care facility nurse,The Independent Planners,2007 Kia Spectra,-31.3482,152.4732
1822,2,########,4/22/2034,Australia,female,Mrs.,Kayla,L,Michell,13 Sale Street,SUMMER HILL CREEK,NSW,New South Wales,2800,AU,Australia,6/10/1992,28,Florist,National Lumber,1996 Mercury Mountaineer,-33.3348,149.0268
1824,4,12/6/1988,6/16/2007,Australia,male,Mr.,Brodie,L,McLucas,55 Creek Street,AUBIGNY,QLD,Queensland,4401,AU,Australia,3/16/1942,78,Dental medicine doctor,MagnaSolution,2001 Cadillac XLR,-27.471,151.7102
1867,2,11/3/1985,11/7/2013,Australia,male,Mr.,Lincoln,R,Heaton,99 Chester Street,BILAMBIL HEIGHTS,NSW,New South Wales,2486,AU,Australia,4/22/1977,43,Fine arts instructor,Accord Investments,1993 Daewoo Arcadia,-28.1622,153.4944
1876,7,3/18/1980,6/19/2045,Australia,male,Mr.,Jett,A,Breen,37 Shaw Drive,BEALIBA,VIC,Victoria,3475,AU,Australia,10/8/1982,38,Correctional officer,Record Town,2012 Lexus LS,-36.7535,143.5486
,,,,,,,,,,,,,,,,,,,,,,,
,,,,,,,,,,,,,,,,,,,,,,,
,,,,,,,,,,,,,,,,,,,,,,,
,,,,,,,,,,,,,,,,,,,,,,,
,,,,,,,,,,,,,,,,,,,,,,,
,,,,,,,,,,,,,,,,,,,,,,,
,,,,,,,,,,,,,,,,,,,,,,,
,,,,,,,,,,,,,,,,,,,,,,,
,,,,,,,,,,,,,,,,,,,,,,,
,,,,,,,,,,,,,,,,,,,,,,,
,,,,,,,,,,,,,,,,,,,,,,,
,,,,,,,,,,,,,,,,,,,,,,,
,,,,,,,,,,,,,,,,,,,,,,,
,,,,,,,,,,,,,,,,,,,,,,,
,,,,,,,,,,,,,,,,,,,,,,,
,,,,,,,,,,,,,,,,,,,,,,,
,,,,,,,,,,,,,,,,,,,,,,,
,,,,,,,,,,,,,,,,,,,,,,,
,,,,,,,,,,,,,,,,,,,,,,,
,,,,,,,,,,,,,,,,,,,,,,,
,,,,,,,,,,,,,,,,,,,,,,,
,,,,,,,,,,,,,,,,,,,,,,,
,,,,,,,,,,,,,,,,,,,,,,,
,,,,,,,,,,,,,,,,,,,,,,,
,,,,,,,,,,,,,,,,,,,,,,,
,,,,,,,,,,,,,,,,,,,,,,,
,,,,,,,,,,,,,,,,,,,,,,,
,,,,,,,,,,,,,,,,,,,,,,,
,,,,,,,,,,,,,,,,,,,,,,,
,,,,,,,,,,,,,,,,,,,,,,,
,,,,,,,,,,,,,,,,,,,,,,,
,,,,,,,,,,,,,,,,,,,,,,,
,,,,,,,,,,,,,,,,,,,,,,,
,,,,,,,,,,,,,,,,,,,,,,,
,,,,,,,,,,,,,,,,,,,,,,,
,,,,,,,,,,,,,,,,,,,,,,,
,,,,,,,,,,,,,,,,,,,,,,,
,,,,,,,,,,,,,,,,,,,,,,,
,,,,,,,,,,,,,,,,,,,,,,,
,,,,,,,,,,,,,,,,,,,,,,,
,,,,,,,,,,,,,,,,,,,,,,,
,,,,,,,,,,,,,,,,,,,,,,,
,,,,,,,,,,,,,,,,,,,,,,,
,,,,,,,,,,,,,,,,,,,,,,,
,,,,,,,,,,,,,,,,,,,,,,,
,,,,,,,,,,,,,,,,,,,,,,,
,,,,,,,,,,,,,,,,,,,,,,,
,,,,,,,,,,,,,,,,,,,,,,,
,,,,,,,,,,,,,,,,,,,,,,,
,,,,,,,,,,,,,,,,,,,,,,,
,,,,,,,,,,,,,,,,,,,,,,,
,,,,,,,,,,,,,,,,,,,,,,,
,,,,,,,,,,,,,,,,,,,,,,,
,,,,,,,,,,,,,,,,,,,,,,,
,,,,,,,,,,,,,,,,,,,,,,,
,,,,,,,,,,,,,,,,,,,,,,,
,,,,,,,,,,,,,,,,,,,,,,,
,,,,,,,,,,,,,,,,,,,,,,,
,,,,,,,,,,,,,,,,,,,,,,,
,,,,,,,,,,,,,,,,,,,,,,,
,,,,,,,,,,,,,,,,,,,,,,,
,,,,,,,,,,,,,,,,,,,,,,,
,,,,,,,,,,,,,,,,,,,,,,,
,,,,,,,,,,,,,,,,,,,,,,,
,,,,,,,,,,,,,,,,,,,,,,,
,,,,,,,,,,,,,,,,,,,,,,,
,,,,,,,,,,,,,,,,,,,,,,,
,,,,,,,,,,,,,,,,,,,,,,,
,,,,,,,,,,,,,,,,,,,,,,,
,,,,,,,,,,,,,,,,,,,,,,,
,,,,,,,,,,,,,,,,,,,,,,,
,,,,,,,,,,,,,,,,,,,,,,,
,,,,,,,,,,,,,,,,,,,,,,,
,,,,,,,,,,,,,,,,,,,,,,,
,,,,,,,,,,,,,,,,,,,,,,,
,,,,,,,,,,,,,,,,,,,,,,,
,,,,,,,,,,,,,,,,,,,,,,,
,,,,,,,,,,,,,,,,,,,,,,,
,,,,,,,,,,,,,,,,,,,,,,,
,,,,,,,,,,,,,,,,,,,,,,,
,,,,,,,,,,,,,,,,,,,,,,,
,,,,,,,,,,,,,,,,,,,,,,,
,,,,,,,,,,,,,,,,,,,,,,,
,,,,,,,,,,,,,,,,,,,,,,,
,,,,,,,,,,,,,,,,,,,,,,,
,,,,,,,,,,,,,,,,,,,,,,,
,,,,,,,,,,,,,,,,,,,,,,,
,,,,,,,,,,,,,,,,,,,,,,,
,,,,,,,,,,,,,,,,,,,,,,,
,,,,,,,,,,,,,,,,,,,,,,,
,,,,,,,,,,,,,,,,,,,,,,,
,,,,,,,,,,,,,,,,,,,,,,,
,,,,,,,,,,,,,,,,,,,,,,,
,,,,,,,,,,,,,,,,,,,,,,,
,,,,,,,,,,,,,,,,,,,,,,,
,,,,,,,,,,,,,,,,,,,,,,,
,,,,,,,,,,,,,,,,,,,,,,,
,,,,,,,,,,,,,,,,,,,,,,,
,,,,,,,,,,,,,,,,,,,,,,,
,,,,,,,,,,,,,,,,,,,,,,,
,,,,,,,,,,,,,,,,,,,,,,,
,,,,,,,,,,,,,,,,,,,,,,,
,,,,,,,,,,,,,,,,,,,,,,,
,,,,,,,,,,,,,,,,,,,,,,,
,,,,,,,,,,,,,,,,,,,,,,,
,,,,,,,,,,,,,,,,,,,,,,,
,,,,,,,,,,,,,,,,,,,,,,,
,,,,,,,,,,,,,,,,,,,,,,,
,,,,,,,,,,,,,,,,,,,,,,,
,,,,,,,,,,,,,,,,,,,,,,,
,,,,,,,,,,,,,,,,,,,,,,,
,,,,,,,,,,,,,,,,,,,,,,,
,,,,,,,,,,,,,,,,,,,,,,,
,,,,,,,,,,,,,,,,,,,,,,,
,,,,,,,,,,,,,,,,,,,,,,,
,,,,,,,,,,,,,,,,,,,,,,,
,,,,,,,,,,,,,,,,,,,,,,,
,,,,,,,,,,,,,,,,,,,,,,,
,,,,,,,,,,,,,,,,,,,,,,,
,,,,,,,,,,,,,,,,,,,,,,,
,,,,,,,,,,,,,,,,,,,,,,,
,,,,,,,,,,,,,,,,,,,,,,,
,,,,,,,,,,,,,,,,,,,,,,,
,,,,,,,,,,,,,,,,,,,,,,,
,,,,,,,,,,,,,,,,,,,,,,,
,,,,,,,,,,,,,,,,,,,,,,,
,,,,,,,,,,,,,,,,,,,,,,,
,,,,,,,,,,,,,,,,,,,,,,,
,,,,,,,,,,,,,,,,,,,,,,,
,,,,,,,,,,,,,,,,,,,,,,,
,,,,,,,,,,,,,,,,,,,,,,,
,,,,,,,,,,,,,,,,,,,,,,,
,,,,,,,,,,,,,,,,,,,,,,,
,,,,,,,,,,,,,,,,,,,,,,,
,,,,,,,,,,,,,,,,,,,,,,,
,,,,,,,,,,,,,,,,,,,,,,,
,,,,,,,,,,,,,,,,,,,,,,,
,,,,,,,,,,,,,,,,,,,,,,,
,,,,,,,,,,,,,,,,,,,,,,,
,,,,,,,,,,,,,,,,,,,,,,,
,,,,,,,,,,,,,,,,,,,,,,,
,,,,,,,,,,,,,,,,,,,,,,,
,,,,,,,,,,,,,,,,,,,,,,,
,,,,,,,,,,,,,,,,,,,,,,,
,,,,,,,,,,,,,,,,,,,,,,,
,,,,,,,,,,,,,,,,,,,,,,,
,,,,,,,,,,,,,,,,,,,,,,,
,,,,,,,,,,,,,,,,,,,,,,,
,,,,,,,,,,,,,,,,,,,,,,,
,,,,,,,,,,,,,,,,,,,,,,,
,,,,,,,,,,,,,,,,,,,,,,,
,,,,,,,,,,,,,,,,,,,,,,,
,,,,,,,,,,,,,,,,,,,,,,,
,,,,,,,,,,,,,,,,,,,,,,,
,,,,,,,,,,,,,,,,,,,,,,,
,,,,,,,,,,,,,,,,,,,,,,,
,,,,,,,,,,,,,,,,,,,,,,,
,,,,,,,,,,,,,,,,,,,,,,,
,,,,,,,,,,,,,,,,,,,,,,,
,,,,,,,,,,,,,,,,,,,,,,,
,,,,,,,,,,,,,,,,,,,,,,,
,,,,,,,,,,,,,,,,,,,,,,,
,,,,,,,,,,,,,,,,,,,,,,,
,,,,,,,,,,,,,,,,,,,,,,,
,,,,,,,,,,,,,,,,,,,,,,,
,,,,,,,,,,,,,,,,,,,,,,,
,,,,,,,,,,,,,,,,,,,,,,,
,,,,,,,,,,,,,,,,,,,,,,,
,,,,,,,,,,,,,,,,,,,,,,,
,,,,,,,,,,,,,,,,,,,,,,,
,,,,,,,,,,,,,,,,,,,,,,,
,,,,,,,,,,,,,,,,,,,,,,,
,,,,,,,,,,,,,,,,,,,,,,,
,,,,,,,,,,,,,,,,,,,,,,,
,,,,,,,,,,,,,,,,,,,,,,,
,,,,,,,,,,,,,,,,,,,,,,,
,,,,,,,,,,,,,,,,,,,,,,,
,,,,,,,,,,,,,,,,,,,,,,,
,,,,,,,,,,,,,,,,,,,,,,,
,,,,,,,,,,,,,,,,,,,,,,,
,,,,,,,,,,,,,,,,,,,,,,,
,,,,,,,,,,,,,,,,,,,,,,,
,,,,,,,,,,,,,,,,,,,,,,,
,,,,,,,,,,,,,,,,,,,,,,,
,,,,,,,,,,,,,,,,,,,,,,,
,,,,,,,,,,,,,,,,,,,,,,,
,,,,,,,,,,,,,,,,,,,,,,,
,,,,,,,,,,,,,,,,,,,,,,,
,,,,,,,,,,,,,,,,,,,,,,,
,,,,,,,,,,,,,,,,,,,,,,,
,,,,,,,,,,,,,,,,,,,,,,,
,,,,,,,,,,,,,,,,,,,,,,,
,,,,,,,,,,,,,,,,,,,,,,,
,,,,,,,,,,,,,,,,,,,,,,,
,,,,,,,,,,,,,,,,,,,,,,,
,,,,,,,,,,,,,,,,,,,,,,,
,,,,,,,,,,,,,,,,,,,,,,,
,,,,,,,,,,,,,,,,,,,,,,,
,,,,,,,,,,,,,,,,,,,,,,,
,,,,,,,,,,,,,,,,,,,,,,,
,,,,,,,,,,,,,,,,,,,,,,,
,,,,,,,,,,,,,,,,,,,,,,,
,,,,,,,,,,,,,,,,,,,,,,,
,,,,,,,,,,,,,,,,,,,,,,,
,,,,,,,,,,,,,,,,,,,,,,,
,,,,,,,,,,,,,,,,,,,,,,,
,,,,,,,,,,,,,,,,,,,,,,,
,,,,,,,,,,,,,,,,,,,,,,,
,,,,,,,,,,,,,,,,,,,,,,,
,,,,,,,,,,,,,,,,,,,,,,,
,,,,,,,,,,,,,,,,,,,,,,,
,,,,,,,,,,,,,,,,,,,,,,,
,,,,,,,,,,,,,,,,,,,,,,,
,,,,,,,,,,,,,,,,,,,,,,,
,,,,,,,,,,,,,,,,,,,,,,,
,,,,,,,,,,,,,,,,,,,,,,,
,,,,,,,,,,,,,,,,,,,,,,,
,,,,,,,,,,,,,,,,,,,,,,,
,,,,,,,,,,,,,,,,,,,,,,,
,,,,,,,,,,,,,,,,,,,,,,,
,,,,,,,,,,,,,,,,,,,,,,,
,,,,,,,,,,,,,,,,,,,,,,,
,,,,,,,,,,,,,,,,,,,,,,,
,,,,,,,,,,,,,,,,,,,,,,,
,,,,,,,,,,,,,,,,,,,,,,,
,,,,,,,,,,,,,,,,,,,,,,,
,,,,,,,,,,,,,,,,,,,,,,,
,,,,,,,,,,,,,,,,,,,,,,,
,,,,,,,,,,,,,,,,,,,,,,,
,,,,,,,,,,,,,,,,,,,,,,,
,,,,,,,,,,,,,,,,,,,,,,,
,,,,,,,,,,,,,,,,,,,,,,,
,,,,,,,,,,,,,,,,,,,,,,,
,,,,,,,,,,,,,,,,,,,,,,,
,,,,,,,,,,,,,,,,,,,,,,,
,,,,,,,,,,,,,,,,,,,,,,,
,,,,,,,,,,,,,,,,,,,,,,,
,,,,,,,,,,,,,,,,,,,,,,,
,,,,,,,,,,,,,,,,,,,,,,,
,,,,,,,,,,,,,,,,,,,,,,,
,,,,,,,,,,,,,,,,,,,,,,,
,,,,,,,,,,,,,,,,,,,,,,,
,,,,,,,,,,,,,,,,,,,,,,,
,,,,,,,,,,,,,,,,,,,,,,,
,,,,,,,,,,,,,,,,,,,,,,,
,,,,,,,,,,,,,,,,,,,,,,,
,,,,,,,,,,,,,,,,,,,,,,,
,,,,,,,,,,,,,,,,,,,,,,,
,,,,,,,,,,,,,,,,,,,,,,,
,,,,,,,,,,,,,,,,,,,,,,,
,,,,,,,,,,,,,,,,,,,,,,,
,,,,,,,,,,,,,,,,,,,,,,,
,,,,,,,,,,,,,,,,,,,,,,,
,,,,,,,,,,,,,,,,,,,,,,,
,,,,,,,,,,,,,,,,,,,,,,,
,,,,,,,,,,,,,,,,,,,,,,,
,,,,,,,,,,,,,,,,,,,,,,,
,,,,,,,,,,,,,,,,,,,,,,,
,,,,,,,,,,,,,,,,,,,,,,,
,,,,,,,,,,,,,,,,,,,,,,,
,,,,,,,,,,,,,,,,,,,,,,,
,,,,,,,,,,,,,,,,,,,,,,,
,,,,,,,,,,,,,,,,,,,,,,,
,,,,,,,,,,,,,,,,,,,,,,,
,,,,,,,,,,,,,,,,,,,,,,,
,,,,,,,,,,,,,,,,,,,,,,,
,,,,,,,,,,,,,,,,,,,,,,,
,,,,,,,,,,,,,,,,,,,,,,,
,,,,,,,,,,,,,,,,,,,,,,,
,,,,,,,,,,,,,,,,,,,,,,,
,,,,,,,,,,,,,,,,,,,,,,,
,,,,,,,,,,,,,,,,,,,,,,,
,,,,,,,,,,,,,,,,,,,,,,,
,,,,,,,,,,,,,,,,,,,,,,,
,,,,,,,,,,,,,,,,,,,,,,,
,,,,,,,,,,,,,,,,,,,,,,,
,,,,,,,,,,,,,,,,,,,,,,,
,,,,,,,,,,,,,,,,,,,,,,,
,,,,,,,,,,,,,,,,,,,,,,,
,,,,,,,,,,,,,,,,,,,,,,,
,,,,,,,,,,,,,,,,,,,,,,,
,,,,,,,,,,,,,,,,,,,,,,,
,,,,,,,,,,,,,,,,,,,,,,,
,,,,,,,,,,,,,,,,,,,,,,,
,,,,,,,,,,,,,,,,,,,,,,,
,,,,,,,,,,,,,,,,,,,,,,,
,,,,,,,,,,,,,,,,,,,,,,,
,,,,,,,,,,,,,,,,,,,,,,,
,,,,,,,,,,,,,,,,,,,,,,,
,,,,,,,,,,,,,,,,,,,,,,,
,,,,,,,,,,,,,,,,,,,,,,,
,,,,,,,,,,,,,,,,,,,,,,,
,,,,,,,,,,,,,,,,,,,,,,,
,,,,,,,,,,,,,,,,,,,,,,,
,,,,,,,,,,,,,,,,,,,,,,,
,,,,,,,,,,,,,,,,,,,,,,,
,,,,,,,,,,,,,,,,,,,,,,,
,,,,,,,,,,,,,,,,,,,,,,,
,,,,,,,,,,,,,,,,,,,,,,,
,,,,,,,,,,,,,,,,,,,,,,,
,,,,,,,,,,,,,,,,,,,,,,,
,,,,,,,,,,,,,,,,,,,,,,,
,,,,,,,,,,,,,,,,,,,,,,,
,,,,,,,,,,,,,,,,,,,,,,,
,,,,,,,,,,,,,,,,,,,,,,,
,,,,,,,,,,,,,,,,,,,,,,,
,,,,,,,,,,,,,,,,,,,,,,,
,,,,,,,,,,,,,,,,,,,,,,,
,,,,,,,,,,,,,,,,,,,,,,,
,,,,,,,,,,,,,,,,,,,,,,,
,,,,,,,,,,,,,,,,,,,,,,,
,,,,,,,,,,,,,,,,,,,,,,,
,,,,,,,,,,,,,,,,,,,,,,,
,,,,,,,,,,,,,,,,,,,,,,,
,,,,,,,,,,,,,,,,,,,,,,,
,,,,,,,,,,,,,,,,,,,,,,,
,,,,,,,,,,,,,,,,,,,,,,,
,,,,,,,,,,,,,,,,,,,,,,,
,,,,,,,,,,,,,,,,,,,,,,,
,,,,,,,,,,,,,,,,,,,,,,,
,,,,,,,,,,,,,,,,,,,,,,,
,,,,,,,,,,,,,,,,,,,,,,,
,,,,,,,,,,,,,,,,,,,,,,,
,,,,,,,,,,,,,,,,,,,,,,,
,,,,,,,,,,,,,,,,,,,,,,,
,,,,,,,,,,,,,,,,,,,,,,,
,,,,,,,,,,,,,,,,,,,,,,,
,,,,,,,,,,,,,,,,,,,,,,,
,,,,,,,,,,,,,,,,,,,,,,,
,,,,,,,,,,,,,,,,,,,,,,,
,,,,,,,,,,,,,,,,,,,,,,,
,,,,,,,,,,,,,,,,,,,,,,,
,,,,,,,,,,,,,,,,,,,,,,,
,,,,,,,,,,,,,,,,,,,,,,,
,,,,,,,,,,,,,,,,,,,,,,,
,,,,,,,,,,,,,,,,,,,,,,,
,,,,,,,,,,,,,,,,,,,,,,,
,,,,,,,,,,,,,,,,,,,,,,,
,,,,,,,,,,,,,,,,,,,,,,,
,,,,,,,,,,,,,,,,,,,,,,,
,,,,,,,,,,,,,,,,,,,,,,,
,,,,,,,,,,,,,,,,,,,,,,,
,,,,,,,,,,,,,,,,,,,,,,,
,,,,,,,,,,,,,,,,,,,,,,,
,,,,,,,,,,,,,,,,,,,,,,,
,,,,,,,,,,,,,,,,,,,,,,,
,,,,,,,,,,,,,,,,,,,,,,,
,,,,,,,,,,,,,,,,,,,,,,,
,,,,,,,,,,,,,,,,,,,,,,,
,,,,,,,,,,,,,,,,,,,,,,,
,,,,,,,,,,,,,,,,,,,,,,,
,,,,,,,,,,,,,,,,,,,,,,,
,,,,,,,,,,,,,,,,,,,,,,,
,,,,,,,,,,,,,,,,,,,,,,,
,,,,,,,,,,,,,,,,,,,,,,,
,,,,,,,,,,,,,,,,,,,,,,,
,,,,,,,,,,,,,,,,,,,,,,,
,,,,,,,,,,,,,,,,,,,,,,,
,,,,,,,,,,,,,,,,,,,,,,,
,,,,,,,,,,,,,,,,,,,,,,,
,,,,,,,,,,,,,,,,,,,,,,,
,,,,,,,,,,,,,,,,,,,,,,,
,,,,,,,,,,,,,,,,,,,,,,,
,,,,,,,,,,,,,,,,,,,,,,,
,,,,,,,,,,,,,,,,,,,,,,,
,,,,,,,,,,,,,,,,,,,,,,,
,,,,,,,,,,,,,,,,,,,,,,,
,,,,,,,,,,,,,,,,,,,,,,,
,,,,,,,,,,,,,,,,,,,,,,,
,,,,,,,,,,,,,,,,,,,,,,,
,,,,,,,,,,,,,,,,,,,,,,,
,,,,,,,,,,,,,,,,,,,,,,,
,,,,,,,,,,,,,,,,,,,,,,,
,,,,,,,,,,,,,,,,,,,,,,,
,,,,,,,,,,,,,,,,,,,,,,,
,,,,,,,,,,,,,,,,,,,,,,,
,,,,,,,,,,,,,,,,,,,,,,,
,,,,,,,,,,,,,,,,,,,,,,,
,,,,,,,,,,,,,,,,,,,,,,,
,,,,,,,,,,,,,,,,,,,,,,,
,,,,,,,,,,,,,,,,,,,,,,,
,,,,,,,,,,,,,,,,,,,,,,,
,,,,,,,,,,,,,,,,,,,,,,,
,,,,,,,,,,,,,,,,,,,,,,,
,,,,,,,,,,,,,,,,,,,,,,,
,,,,,,,,,,,,,,,,,,,,,,,
,,,,,,,,,,,,,,,,,,,,,,,
,,,,,,,,,,,,,,,,,,,,,,,
,,,,,,,,,,,,,,,,,,,,,,,
,,,,,,,,,,,,,,,,,,,,,,,
,,,,,,,,,,,,,,,,,,,,,,,
,,,,,,,,,,,,,,,,,,,,,,,
,,,,,,,,,,,,,,,,,,,,,,,
,,,,,,,,,,,,,,,,,,,,,,,
,,,,,,,,,,,,,,,,,,,,,,,
,,,,,,,,,,,,,,,,,,,,,,,
,,,,,,,,,,,,,,,,,,,,,,,
,,,,,,,,,,,,,,,,,,,,,,,
,,,,,,,,,,,,,,,,,,,,,,,
,,,,,,,,,,,,,,,,,,,,,,,
,,,,,,,,,,,,,,,,,,,,,,,
,,,,,,,,,,,,,,,,,,,,,,,
,,,,,,,,,,,,,,,,,,,,,,,
,,,,,,,,,,,,,,,,,,,,,,,
,,,,,,,,,,,,,,,,,,,,,,,
,,,,,,,,,,,,,,,,,,,,,,,
,,,,,,,,,,,,,,,,,,,,,,,
,,,,,,,,,,,,,,,,,,,,,,,
,,,,,,,,,,,,,,,,,,,,,,,
,,,,,,,,,,,,,,,,,,,,,,,
,,,,,,,,,,,,,,,,,,,,,,,
,,,,,,,,,,,,,,,,,,,,,,,
,,,,,,,,,,,,,,,,,,,,,,,
,,,,,,,,,,,,,,,,,,,,,,,
,,,,,,,,,,,,,,,,,,,,,,,
,,,,,,,,,,,,,,,,,,,,,,,
,,,,,,,,,,,,,,,,,,,,,,,
,,,,,,,,,,,,,,,,,,,,,,,
,,,,,,,,,,,,,,,,,,,,,,,
,,,,,,,,,,,,,,,,,,,,,,,
,,,,,,,,,,,,,,,,,,,,,,,
,,,,,,,,,,,,,,,,,,,,,,,
,,,,,,,,,,,,,,,,,,,,,,,
,,,,,,,,,,,,,,,,,,,,,,,
,,,,,,,,,,,,,,,,,,,,,,,
,,,,,,,,,,,,,,,,,,,,,,,
,,,,,,,,,,,,,,,,,,,,,,,
,,,,,,,,,,,,,,,,,,,,,,,
,,,,,,,,,,,,,,,,,,,,,,,
,,,,,,,,,,,,,,,,,,,,,,,
,,,,,,,,,,,,,,,,,,,,,,,
,,,,,,,,,,,,,,,,,,,,,,,
,,,,,,,,,,,,,,,,,,,,,,,
,,,,,,,,,,,,,,,,,,,,,,,
,,,,,,,,,,,,,,,,,,,,,,,
,,,,,,,,,,,,,,,,,,,,,,,
,,,,,,,,,,,,,,,,,,,,,,,
,,,,,,,,,,,,,,,,,,,,,,,
,,,,,,,,,,,,,,,,,,,,,,,
,,,,,,,,,,,,,,,,,,,,,,,
,,,,,,,,,,,,,,,,,,,,,,,
,,,,,,,,,,,,,,,,,,,,,,,
,,,,,,,,,,,,,,,,,,,,,,,
,,,,,,,,,,,,,,,,,,,,,,,
,,,,,,,,,,,,,,,,,,,,,,,
,,,,,,,,,,,,,,,,,,,,,,,
,,,,,,,,,,,,,,,,,,,,,,,
,,,,,,,,,,,,,,,,,,,,,,,
,,,,,,,,,,,,,,,,,,,,,,,
,,,,,,,,,,,,,,,,,,,,,,,
,,,,,,,,,,,,,,,,,,,,,,,
,,,,,,,,,,,,,,,,,,,,,,,
,,,,,,,,,,,,,,,,,,,,,,,
,,,,,,,,,,,,,,,,,,,,,,,
,,,,,,,,,,,,,,,,,,,,,,,
,,,,,,,,,,,,,,,,,,,,,,,
,,,,,,,,,,,,,,,,,,,,,,,
,,,,,,,,,,,,,,,,,,,,,,,
,,,,,,,,,,,,,,,,,,,,,,,
,,,,,,,,,,,,,,,,,,,,,,,
,,,,,,,,,,,,,,,,,,,,,,,
,,,,,,,,,,,,,,,,,,,,,,,
,,,,,,,,,,,,,,,,,,,,,,,
,,,,,,,,,,,,,,,,,,,,,,,
,,,,,,,,,,,,,,,,,,,,,,,
,,,,,,,,,,,,,,,,,,,,,,,
,,,,,,,,,,,,,,,,,,,,,,,
,,,,,,,,,,,,,,,,,,,,,,,
,,,,,,,,,,,,,,,,,,,,,,,
,,,,,,,,,,,,,,,,,,,,,,,
,,,,,,,,,,,,,,,,,,,,,,,
,,,,,,,,,,,,,,,,,,,,,,,
,,,,,,,,,,,,,,,,,,,,,,,
,,,,,,,,,,,,,,,,,,,,,,,
,,,,,,,,,,,,,,,,,,,,,,,
,,,,,,,,,,,,,,,,,,,,,,,
,,,,,,,,,,,,,,,,,,,,,,,
,,,,,,,,,,,,,,,,,,,,,,,
,,,,,,,,,,,,,,,,,,,,,,,
,,,,,,,,,,,,,,,,,,,,,,,
,,,,,,,,,,,,,,,,,,,,,,,
,,,,,,,,,,,,,,,,,,,,,,,
,,,,,,,,,,,,,,,,,,,,,,,
,,,,,,,,,,,,,,,,,,,,,,,
,,,,,,,,,,,,,,,,,,,,,,,
,,,,,,,,,,,,,,,,,,,,,,,
,,,,,,,,,,,,,,,,,,,,,,,
,,,,,,,,,,,,,,,,,,,,,,,
,,,,,,,,,,,,,,,,,,,,,,,
,,,,,,,,,,,,,,,,,,,,,,,
,,,,,,,,,,,,,,,,,,,,,,,
,,,,,,,,,,,,,,,,,,,,,,,
,,,,,,,,,,,,,,,,,,,,,,,
,,,,,,,,,,,,,,,,,,,,,,,
,,,,,,,,,,,,,,,,,,,,,,,
,,,,,,,,,,,,,,,,,,,,,,,
,,,,,,,,,,,,,,,,,,,,,,,
,,,,,,,,,,,,,,,,,,,,,,,
,,,,,,,,,,,,,,,,,,,,,,,
,,,,,,,,,,,,,,,,,,,,,,,
,,,,,,,,,,,,,,,,,,,,,,,
,,,,,,,,,,,,,,,,,,,,,,,
,,,,,,,,,,,,,,,,,,,,,,,
,,,,,,,,,,,,,,,,,,,,,,,
,,,,,,,,,,,,,,,,,,,,,,,
,,,,,,,,,,,,,,,,,,,,,,,
,,,,,,,,,,,,,,,,,,,,,,,
,,,,,,,,,,,,,,,,,,,,,,,
,,,,,,,,,,,,,,,,,,,,,,,
,,,,,,,,,,,,,,,,,,,,,,,
,,,,,,,,,,,,,,,,,,,,,,,
,,,,,,,,,,,,,,,,,,,,,,,
,,,,,,,,,,,,,,,,,,,,,,,
,,,,,,,,,,,,,,,,,,,,,,,
,,,,,,,,,,,,,,,,,,,,,,,
,,,,,,,,,,,,,,,,,,,,,,,
,,,,,,,,,,,,,,,,,,,,,,,
,,,,,,,,,,,,,,,,,,,,,,,
,,,,,,,,,,,,,,,,,,,,,,,
,,,,,,,,,,,,,,,,,,,,,,,
,,,,,,,,,,,,,,,,,,,,,,,
,,,,,,,,,,,,,,,,,,,,,,,
,,,,,,,,,,,,,,,,,,,,,,,
,,,,,,,,,,,,,,,,,,,,,,,
,,,,,,,,,,,,,,,,,,,,,,,
,,,,,,,,,,,,,,,,,,,,,,,
,,,,,,,,,,,,,,,,,,,,,,,
,,,,,,,,,,,,,,,,,,,,,,,
,,,,,,,,,,,,,,,,,,,,,,,
,,,,,,,,,,,,,,,,,,,,,,,
,,,,,,,,,,,,,,,,,,,,,,,
,,,,,,,,,,,,,,,,,,,,,,,
,,,,,,,,,,,,,,,,,,,,,,,
,,,,,,,,,,,,,,,,,,,,,,,
,,,,,,,,,,,,,,,,,,,,,,,
,,,,,,,,,,,,,,,,,,,,,,,
,,,,,,,,,,,,,,,,,,,,,,,
,,,,,,,,,,,,,,,,,,,,,,,
,,,,,,,,,,,,,,,,,,,,,,,
,,,,,,,,,,,,,,,,,,,,,,,
,,,,,,,,,,,,,,,,,,,,,,,
,,,,,,,,,,,,,,,,,,,,,,,
,,,,,,,,,,,,,,,,,,,,,,,
,,,,,,,,,,,,,,,,,,,,,,,
,,,,,,,,,,,,,,,,,,,,,,,
,,,,,,,,,,,,,,,,,,,,,,,
,,,,,,,,,,,,,,,,,,,,,,,
,,,,,,,,,,,,,,,,,,,,,,,
,,,,,,,,,,,,,,,,,,,,,,,
,,,,,,,,,,,,,,,,,,,,,,,
,,,,,,,,,,,,,,,,,,,,,,,
,,,,,,,,,,,,,,,,,,,,,,,
,,,,,,,,,,,,,,,,,,,,,,,
,,,,,,,,,,,,,,,,,,,,,,,
,,,,,,,,,,,,,,,,,,,,,,,
,,,,,,,,,,,,,,,,,,,,,,,
,,,,,,,,,,,,,,,,,,,,,,,
,,,,,,,,,,,,,,,,,,,,,,,
,,,,,,,,,,,,,,,,,,,,,,,
,,,,,,,,,,,,,,,,,,,,,,,
,,,,,,,,,,,,,,,,,,,,,,,
,,,,,,,,,,,,,,,,,,,,,,,
,,,,,,,,,,,,,,,,,,,,,,,
,,,,,,,,,,,,,,,,,,,,,,,
,,,,,,,,,,,,,,,,,,,,,,,
,,,,,,,,,,,,,,,,,,,,,,,
,,,,,,,,,,,,,,,,,,,,,,,
,,,,,,,,,,,,,,,,,,,,,,,
,,,,,,,,,,,,,,,,,,,,,,,
,,,,,,,,,,,,,,,,,,,,,,,
,,,,,,,,,,,,,,,,,,,,,,,
,,,,,,,,,,,,,,,,,,,,,,,
,,,,,,,,,,,,,,,,,,,,,,,
,,,,,,,,,,,,,,,,,,,,,,,
,,,,,,,,,,,,,,,,,,,,,,,
,,,,,,,,,,,,,,,,,,,,,,,
,,,,,,,,,,,,,,,,,,,,,,,
,,,,,,,,,,,,,,,,,,,,,,,
,,,,,,,,,,,,,,,,,,,,,,,
,,,,,,,,,,,,,,,,,,,,,,,
,,,,,,,,,,,,,,,,,,,,,,,
,,,,,,,,,,,,,,,,,,,,,,,
,,,,,,,,,,,,,,,,,,,,,,,
,,,,,,,,,,,,,,,,,,,,,,,
,,,,,,,,,,,,,,,,,,,,,,,
,,,,,,,,,,,,,,,,,,,,,,,
,,,,,,,,,,,,,,,,,,,,,,,
,,,,,,,,,,,,,,,,,,,,,,,
,,,,,,,,,,,,,,,,,,,,,,,
,,,,,,,,,,,,,,,,,,,,,,,
,,,,,,,,,,,,,,,,,,,,,,,
,,,,,,,,,,,,,,,,,,,,,,,
,,,,,,,,,,,,,,,,,,,,,,,
,,,,,,,,,,,,,,,,,,,,,,,
,,,,,,,,,,,,,,,,,,,,,,,
,,,,,,,,,,,,,,,,,,,,,,,
,,,,,,,,,,,,,,,,,,,,,,,
,,,,,,,,,,,,,,,,,,,,,,,
,,,,,,,,,,,,,,,,,,,,,,,
,,,,,,,,,,,,,,,,,,,,,,,
,,,,,,,,,,,,,,,,,,,,,,,
,,,,,,,,,,,,,,,,,,,,,,,
,,,,,,,,,,,,,,,,,,,,,,,
,,,,,,,,,,,,,,,,,,,,,,,
,,,,,,,,,,,,,,,,,,,,,,,
,,,,,,,,,,,,,,,,,,,,,,,
,,,,,,,,,,,,,,,,,,,,,,,
,,,,,,,,,,,,,,,,,,,,,,,
,,,,,,,,,,,,,,,,,,,,,,,
,,,,,,,,,,,,,,,,,,,,,,,
,,,,,,,,,,,,,,,,,,,,,,,
,,,,,,,,,,,,,,,,,,,,,,,
,,,,,,,,,,,,,,,,,,,,,,,
,,,,,,,,,,,,,,,,,,,,,,,
,,,,,,,,,,,,,,,,,,,,,,,
,,,,,,,,,,,,,,,,,,,,,,,
,,,,,,,,,,,,,,,,,,,,,,,
,,,,,,,,,,,,,,,,,,,,,,,
,,,,,,,,,,,,,,,,,,,,,,,
,,,,,,,,,,,,,,,,,,,,,,,
,,,,,,,,,,,,,,,,,,,,,,,
,,,,,,,,,,,,,,,,,,,,,,,
,,,,,,,,,,,,,,,,,,,,,,,
,,,,,,,,,,,,,,,,,,,,,,,
,,,,,,,,,,,,,,,,,,,,,,,
,,,,,,,,,,,,,,,,,,,,,,,
,,,,,,,,,,,,,,,,,,,,,,,
,,,,,,,,,,,,,,,,,,,,,,,
,,,,,,,,,,,,,,,,,,,,,,,
,,,,,,,,,,,,,,,,,,,,,,,
,,,,,,,,,,,,,,,,,,,,,,,
,,,,,,,,,,,,,,,,,,,,,,,
,,,,,,,,,,,,,,,,,,,,,,,
,,,,,,,,,,,,,,,,,,,,,,,
,,,,,,,,,,,,,,,,,,,,,,,
,,,,,,,,,,,,,,,,,,,,,,,
,,,,,,,,,,,,,,,,,,,,,,,
,,,,,,,,,,,,,,,,,,,,,,,
,,,,,,,,,,,,,,,,,,,,,,,
,,,,,,,,,,,,,,,,,,,,,,,
,,,,,,,,,,,,,,,,,,,,,,,
,,,,,,,,,,,,,,,,,,,,,,,
,,,,,,,,,,,,,,,,,,,,,,,
,,,,,,,,,,,,,,,,,,,,,,,
,,,,,,,,,,,,,,,,,,,,,,,
,,,,,,,,,,,,,,,,,,,,,,,
,,,,,,,,,,,,,,,,,,,,,,,
,,,,,,,,,,,,,,,,,,,,,,,
,,,,,,,,,,,,,,,,,,,,,,,
,,,,,,,,,,,,,,,,,,,,,,,
,,,,,,,,,,,,,,,,,,,,,,,
,,,,,,,,,,,,,,,,,,,,,,,
,,,,,,,,,,,,,,,,,,,,,,,
,,,,,,,,,,,,,,,,,,,,,,,
,,,,,,,,,,,,,,,,,,,,,,,
,,,,,,,,,,,,,,,,,,,,,,,
,,,,,,,,,,,,,,,,,,,,,,,
,,,,,,,,,,,,,,,,,,,,,,,
,,,,,,,,,,,,,,,,,,,,,,,
,,,,,,,,,,,,,,,,,,,,,,,
,,,,,,,,,,,,,,,,,,,,,,,
,,,,,,,,,,,,,,,,,,,,,,,
,,,,,,,,,,,,,,,,,,,,,,,
,,,,,,,,,,,,,,,,,,,,,,,
,,,,,,,,,,,,,,,,,,,,,,,
,,,,,,,,,,,,,,,,,,,,,,,
,,,,,,,,,,,,,,,,,,,,,,,
,,,,,,,,,,,,,,,,,,,,,,,
,,,,,,,,,,,,,,,,,,,,,,,
,,,,,,,,,,,,,,,,,,,,,,,
,,,,,,,,,,,,,,,,,,,,,,,
,,,,,,,,,,,,,,,,,,,,,,,
,,,,,,,,,,,,,,,,,,,,,,,
,,,,,,,,,,,,,,,,,,,,,,,
,,,,,,,,,,,,,,,,,,,,,,,
,,,,,,,,,,,,,,,,,,,,,,,
,,,,,,,,,,,,,,,,,,,,,,,
,,,,,,,,,,,,,,,,,,,,,,,
,,,,,,,,,,,,,,,,,,,,,,,
,,,,,,,,,,,,,,,,,,,,,,,
,,,,,,,,,,,,,,,,,,,,,,,
,,,,,,,,,,,,,,,,,,,,,,,
,,,,,,,,,,,,,,,,,,,,,,,
,,,,,,,,,,,,,,,,,,,,,,,
,,,,,,,,,,,,,,,,,,,,,,,
,,,,,,,,,,,,,,,,,,,,,,,
,,,,,,,,,,,,,,,,,,,,,,,
,,,,,,,,,,,,,,,,,,,,,,,
,,,,,,,,,,,,,,,,,,,,,,,
,,,,,,,,,,,,,,,,,,,,,,,
,,,,,,,,,,,,,,,,,,,,,,,
,,,,,,,,,,,,,,,,,,,,,,,
,,,,,,,,,,,,,,,,,,,,,,,
,,,,,,,,,,,,,,,,,,,,,,,
,,,,,,,,,,,,,,,,,,,,,,,
,,,,,,,,,,,,,,,,,,,,,,,
,,,,,,,,,,,,,,,,,,,,,,,
,,,,,,,,,,,,,,,,,,,,,,,
,,,,,,,,,,,,,,,,,,,,,,,
,,,,,,,,,,,,,,,,,,,,,,,
,,,,,,,,,,,,,,,,,,,,,,,
,,,,,,,,,,,,,,,,,,,,,,,
,,,,,,,,,,,,,,,,,,,,,,,
,,,,,,,,,,,,,,,,,,,,,,,
,,,,,,,,,,,,,,,,,,,,,,,
,,,,,,,,,,,,,,,,,,,,,,,
,,,,,,,,,,,,,,,,,,,,,,,
,,,,,,,,,,,,,,,,,,,,,,,
,,,,,,,,,,,,,,,,,,,,,,,
,,,,,,,,,,,,,,,,,,,,,,,
,,,,,,,,,,,,,,,,,,,,,,,
,,,,,,,,,,,,,,,,,,,,,,,
,,,,,,,,,,,,,,,,,,,,,,,
,,,,,,,,,,,,,,,,,,,,,,,
,,,,,,,,,,,,,,,,,,,,,,,
,,,,,,,,,,,,,,,,,,,,,,,
,,,,,,,,,,,,,,,,,,,,,,,
,,,,,,,,,,,,,,,,,,,,,,,
,,,,,,,,,,,,,,,,,,,,,,,
,,,,,,,,,,,,,,,,,,,,,,,
,,,,,,,,,,,,,,,,,,,,,,,
,,,,,,,,,,,,,,,,,,,,,,,
,,,,,,,,,,,,,,,,,,,,,,,
,,,,,,,,,,,,,,,,,,,,,,,
,,,,,,,,,,,,,,,,,,,,,,,
,,,,,,,,,,,,,,,,,,,,,,,
,,,,,,,,,,,,,,,,,,,,,,,
,,,,,,,,,,,,,,,,,,,,,,,
,,,,,,,,,,,,,,,,,,,,,,,
,,,,,,,,,,,,,,,,,,,,,,,
,,,,,,,,,,,,,,,,,,,,,,,
,,,,,,,,,,,,,,,,,,,,,,,
,,,,,,,,,,,,,,,,,,,,,,,
,,,,,,,,,,,,,,,,,,,,,,,
,,,,,,,,,,,,,,,,,,,,,,,
,,,,,,,,,,,,,,,,,,,,,,,
,,,,,,,,,,,,,,,,,,,,,,,
,,,,,,,,,,,,,,,,,,,,,,,
,,,,,,,,,,,,,,,,,,,,,,,
,,,,,,,,,,,,,,,,,,,,,,,
,,,,,,,,,,,,,,,,,,,,,,,
,,,,,,,,,,,,,,,,,,,,,,,
,,,,,,,,,,,,,,,,,,,,,,,
,,,,,,,,,,,,,,,,,,,,,,,
,,,,,,,,,,,,,,,,,,,,,,,
,,,,,,,,,,,,,,,,,,,,,,,
,,,,,,,,,,,,,,,,,,,,,,,
,,,,,,,,,,,,,,,,,,,,,,,
,,,,,,,,,,,,,,,,,,,,,,,
,,,,,,,,,,,,,,,,,,,,,,,
,,,,,,,,,,,,,,,,,,,,,,,
,,,,,,,,,,,,,,,,,,,,,,,
,,,,,,,,,,,,,,,,,,,,,,,
,,,,,,,,,,,,,,,,,,,,,,,
,,,,,,,,,,,,,,,,,,,,,,,
,,,,,,,,,,,,,,,,,,,,,,,
,,,,,,,,,,,,,,,,,,,,,,,
,,,,,,,,,,,,,,,,,,,,,,,
,,,,,,,,,,,,,,,,,,,,,,,
,,,,,,,,,,,,,,,,,,,,,,,
,,,,,,,,,,,,,,,,,,,,,,,
,,,,,,,,,,,,,,,,,,,,,,,
,,,,,,,,,,,,,,,,,,,,,,,
,,,,,,,,,,,,,,,,,,,,,,,
,,,,,,,,,,,,,,,,,,,,,,,
,,,,,,,,,,,,,,,,,,,,,,,
,,,,,,,,,,,,,,,,,,,,,,,
,,,,,,,,,,,,,,,,,,,,,,,
,,,,,,,,,,,,,,,,,,,,,,,
,,,,,,,,,,,,,,,,,,,,,,,
,,,,,,,,,,,,,,,,,,,,,,,
,,,,,,,,,,,,,,,,,,,,,,,
,,,,,,,,,,,,,,,,,,,,,,,
,,,,,,,,,,,,,,,,,,,,,,,
,,,,,,,,,,,,,,,,,,,,,,,
,,,,,,,,,,,,,,,,,,,,,,,
,,,,,,,,,,,,,,,,,,,,,,,
,,,,,,,,,,,,,,,,,,,,,,,
,,,,,,,,,,,,,,,,,,,,,,,
,,,,,,,,,,,,,,,,,,,,,,,
,,,,,,,,,,,,,,,,,,,,,,,
,,,,,,,,,,,,,,,,,,,,,,,
,,,,,,,,,,,,,,,,,,,,,,,
,,,,,,,,,,,,,,,,,,,,,,,
,,,,,,,,,,,,,,,,,,,,,,,
,,,,,,,,,,,,,,,,,,,,,,,
,,,,,,,,,,,,,,,,,,,,,,,
,,,,,,,,,,,,,,,,,,,,,,,
,,,,,,,,,,,,,,,,,,,,,,,
,,,,,,,,,,,,,,,,,,,,,,,
,,,,,,,,,,,,,,,,,,,,,,,
,,,,,,,,,,,,,,,,,,,,,,,
,,,,,,,,,,,,,,,,,,,,,,,
,,,,,,,,,,,,,,,,,,,,,,,
,,,,,,,,,,,,,,,,,,,,,,,
,,,,,,,,,,,,,,,,,,,,,,,
,,,,,,,,,,,,,,,,,,,,,,,
,,,,,,,,,,,,,,,,,,,,,,,
,,,,,,,,,,,,,,,,,,,,,,,
,,,,,,,,,,,,,,,,,,,,,,,
,,,,,,,,,,,,,,,,,,,,,,,
,,,,,,,,,,,,,,,,,,,,,,,
,,,,,,,,,,,,,,,,,,,,,,,
,,,,,,,,,,,,,,,,,,,,,,,
,,,,,,,,,,,,,,,,,,,,,,,
,,,,,,,,,,,,,,,,,,,,,,,
,,,,,,,,,,,,,,,,,,,,,,,
,,,,,,,,,,,,,,,,,,,,,,,
,,,,,,,,,,,,,,,,,,,,,,,
,,,,,,,,,,,,,,,,,,,,,,,
,,,,,,,,,,,,,,,,,,,,,,,
,,,,,,,,,,,,,,,,,,,,,,,
,,,,,,,,,,,,,,,,,,,,,,,
,,,,,,,,,,,,,,,,,,,,,,,
,,,,,,,,,,,,,,,,,,,,,,,
,,,,,,,,,,,,,,,,,,,,,,,
,,,,,,,,,,,,,,,,,,,,,,,
,,,,,,,,,,,,,,,,,,,,,,,
,,,,,,,,,,,,,,,,,,,,,,,
,,,,,,,,,,,,,,,,,,,,,,,
,,,,,,,,,,,,,,,,,,,,,,,
,,,,,,,,,,,,,,,,,,,,,,,
,,,,,,,,,,,,,,,,,,,,,,,
,,,,,,,,,,,,,,,,,,,,,,,
,,,,,,,,,,,,,,,,,,,,,,,
,,,,,,,,,,,,,,,,,,,,,,,
,,,,,,,,,,,,,,,,,,,,,,,
,,,,,,,,,,,,,,,,,,,,,,,
,,,,,,,,,,,,,,,,,,,,,,,
,,,,,,,,,,,,,,,,,,,,,,,
,,,,,,,,,,,,,,,,,,,,,,,
,,,,,,,,,,,,,,,,,,,,,,,
,,,,,,,,,,,,,,,,,,,,,,,
,,,,,,,,,,,,,,,,,,,,,,,
,,,,,,,,,,,,,,,,,,,,,,,
,,,,,,,,,,,,,,,,,,,,,,,
,,,,,,,,,,,,,,,,,,,,,,,
,,,,,,,,,,,,,,,,,,,,,,,
,,,,,,,,,,,,,,,,,,,,,,,
,,,,,,,,,,,,,,,,,,,,,,,
,,,,,,,,,,,,,,,,,,,,,,,
,,,,,,,,,,,,,,,,,,,,,,,
,,,,,,,,,,,,,,,,,,,,,,,
,,,,,,,,,,,,,,,,,,,,,,,
,,,,,,,,,,,,,,,,,,,,,,,
,,,,,,,,,,,,,,,,,,,,,,,
,,,,,,,,,,,,,,,,,,,,,,,
,,,,,,,,,,,,,,,,,,,,,,,
,,,,,,,,,,,,,,,,,,,,,,,
,,,,,,,,,,,,,,,,,,,,,,,
,,,,,,,,,,,,,,,,,,,,,,,
,,,,,,,,,,,,,,,,,,,,,,,
,,,,,,,,,,,,,,,,,,,,,,,
,,,,,,,,,,,,,,,,,,,,,,,
,,,,,,,,,,,,,,,,,,,,,,,
,,,,,,,,,,,,,,,,,,,,,,,
,,,,,,,,,,,,,,,,,,,,,,,
,,,,,,,,,,,,,,,,,,,,,,,
,,,,,,,,,,,,,,,,,,,,,,,
,,,,,,,,,,,,,,,,,,,,,,,
,,,,,,,,,,,,,,,,,,,,,,,
,,,,,,,,,,,,,,,,,,,,,,,
,,,,,,,,,,,,,,,,,,,,,,,
,,,,,,,,,,,,,,,,,,,,,,,
,,,,,,,,,,,,,,,,,,,,,,,
,,,,,,,,,,,,,,,,,,,,,,,
,,,,,,,,,,,,,,,,,,,,,,,
,,,,,,,,,,,,,,,,,,,,,,,
,,,,,,,,,,,,,,,,,,,,,,,
,,,,,,,,,,,,,,,,,,,,,,,
,,,,,,,,,,,,,,,,,,,,,,,
,,,,,,,,,,,,,,,,,,,,,,,
,,,,,,,,,,,,,,,,,,,,,,,
,,,,,,,,,,,,,,,,,,,,,,,
,,,,,,,,,,,,,,,,,,,,,,,
,,,,,,,,,,,,,,,,,,,,,,,
,,,,,,,,,,,,,,,,,,,,,,,
,,,,,,,,,,,,,,,,,,,,,,,
,,,,,,,,,,,,,,,,,,,,,,,
,,,,,,,,,,,,,,,,,,,,,,,
,,,,,,,,,,,,,,,,,,,,,,,
,,,,,,,,,,,,,,,,,,,,,,,
,,,,,,,,,,,,,,,,,,,,,,,
,,,,,,,,,,,,,,,,,,,,,,,
,,,,,,,,,,,,,,,,,,,,,,,
,,,,,,,,,,,,,,,,,,,,,,,
,,,,,,,,,,,,,,,,,,,,,,,
,,,,,,,,,,,,,,,,,,,,,,,
,,,,,,,,,,,,,,,,,,,,,,,
,,,,,,,,,,,,,,,,,,,,,,,
,,,,,,,,,,,,,,,,,,,,,,,
,,,,,,,,,,,,,,,,,,,,,,,
,,,,,,,,,,,,,,,,,,,,,,,
,,,,,,,,,,,,,,,,,,,,,,,
,,,,,,,,,,,,,,,,,,,,,,,
,,,,,,,,,,,,,,,,,,,,,,,
,,,,,,,,,,,,,,,,,,,,,,,
,,,,,,,,,,,,,,,,,,,,,,,
,,,,,,,,,,,,,,,,,,,,,,,
,,,,,,,,,,,,,,,,,,,,,,,
