Date,DateKey,Year,YearQuarter,YearQuarterNumber,Quarter,YearMonth,YearMonthShort,YearMonthNumber,Month,MonthShort,MonthNumber,DayofWeek,DayofWeekShort,DayofWeekNumber,WorkingDay,WorkingDayNumber
1/1/2015,20150101,2015,Q1-2015,8061,Q1,15-Jan,15-Jan,24181,January,Jan,1,Thursday,Thu,5,0,0
1/2/2015,20150102,2015,Q1-2015,8061,Q1,15-Jan,15-Jan,24181,January,Jan,1,Friday,Fri,6,1,1
1/3/2015,20150103,2015,Q1-2015,8061,Q1,15-Jan,15-Jan,24181,January,Jan,1,Saturday,Sat,7,0,1
1/4/2015,20150104,2015,Q1-2015,8061,Q1,15-Jan,15-Jan,24181,January,Jan,1,Sunday,Sun,1,0,1
1/5/2015,20150105,2015,Q1-2015,8061,Q1,15-Jan,15-Jan,24181,January,Jan,1,Monday,Mon,2,1,2
1/6/2015,20150106,2015,Q1-2015,8061,Q1,15-Jan,15-Jan,24181,January,Jan,1,Tuesday,Tue,3,1,3
1/7/2015,20150107,2015,Q1-2015,8061,Q1,15-Jan,15-Jan,24181,January,Jan,1,Wednesday,Wed,4,1,4
1/8/2015,20150108,2015,Q1-2015,8061,Q1,15-Jan,15-Jan,24181,January,Jan,1,Thursday,Thu,5,1,5
1/9/2015,20150109,2015,Q1-2015,8061,Q1,15-Jan,15-Jan,24181,January,Jan,1,Friday,Fri,6,1,6
1/10/2015,20150110,2015,Q1-2015,8061,Q1,15-Jan,15-Jan,24181,January,Jan,1,Saturday,Sat,7,0,6
1/11/2015,20150111,2015,Q1-2015,8061,Q1,15-Jan,15-Jan,24181,January,Jan,1,Sunday,Sun,1,0,6
1/12/2015,20150112,2015,Q1-2015,8061,Q1,15-Jan,15-Jan,24181,January,Jan,1,Monday,Mon,2,1,7
1/13/2015,20150113,2015,Q1-2015,8061,Q1,15-Jan,15-Jan,24181,January,Jan,1,Tuesday,Tue,3,1,8
1/14/2015,20150114,2015,Q1-2015,8061,Q1,15-Jan,15-Jan,24181,January,Jan,1,Wednesday,Wed,4,1,9
1/15/2015,20150115,2015,Q1-2015,8061,Q1,15-Jan,15-Jan,24181,January,Jan,1,Thursday,Thu,5,1,10
1/16/2015,20150116,2015,Q1-2015,8061,Q1,15-Jan,15-Jan,24181,January,Jan,1,Friday,Fri,6,1,11
1/17/2015,20150117,2015,Q1-2015,8061,Q1,15-Jan,15-Jan,24181,January,Jan,1,Saturday,Sat,7,0,11
1/18/2015,20150118,2015,Q1-2015,8061,Q1,15-Jan,15-Jan,24181,January,Jan,1,Sunday,Sun,1,0,11
1/19/2015,20150119,2015,Q1-2015,8061,Q1,15-Jan,15-Jan,24181,January,Jan,1,Monday,Mon,2,0,11
1/20/2015,20150120,2015,Q1-2015,8061,Q1,15-Jan,15-Jan,24181,January,Jan,1,Tuesday,Tue,3,1,12
1/21/2015,20150121,2015,Q1-2015,8061,Q1,15-Jan,15-Jan,24181,January,Jan,1,Wednesday,Wed,4,1,13
1/22/2015,20150122,2015,Q1-2015,8061,Q1,15-Jan,15-Jan,24181,January,Jan,1,Thursday,Thu,5,1,14
1/23/2015,20150123,2015,Q1-2015,8061,Q1,15-Jan,15-Jan,24181,January,Jan,1,Friday,Fri,6,1,15
1/24/2015,20150124,2015,Q1-2015,8061,Q1,15-Jan,15-Jan,24181,January,Jan,1,Saturday,Sat,7,0,15
1/25/2015,20150125,2015,Q1-2015,8061,Q1,15-Jan,15-Jan,24181,January,Jan,1,Sunday,Sun,1,0,15
1/26/2015,20150126,2015,Q1-2015,8061,Q1,15-Jan,15-Jan,24181,January,Jan,1,Monday,Mon,2,1,16
1/27/2015,20150127,2015,Q1-2015,8061,Q1,15-Jan,15-Jan,24181,January,Jan,1,Tuesday,Tue,3,1,17
1/28/2015,20150128,2015,Q1-2015,8061,Q1,15-Jan,15-Jan,24181,January,Jan,1,Wednesday,Wed,4,1,18
1/29/2015,20150129,2015,Q1-2015,8061,Q1,15-Jan,15-Jan,24181,January,Jan,1,Thursday,Thu,5,1,19
1/30/2015,20150130,2015,Q1-2015,8061,Q1,15-Jan,15-Jan,24181,January,Jan,1,Friday,Fri,6,1,20
1/31/2015,20150131,2015,Q1-2015,8061,Q1,15-Jan,15-Jan,24181,January,Jan,1,Saturday,Sat,7,0,20
2/1/2015,20150201,2015,Q1-2015,8061,Q1,15-Feb,15-Feb,24182,February,Feb,2,Sunday,Sun,1,0,20
2/2/2015,20150202,2015,Q1-2015,8061,Q1,15-Feb,15-Feb,24182,February,Feb,2,Monday,Mon,2,1,21
2/3/2015,20150203,2015,Q1-2015,8061,Q1,15-Feb,15-Feb,24182,February,Feb,2,Tuesday,Tue,3,1,22
2/4/2015,20150204,2015,Q1-2015,8061,Q1,15-Feb,15-Feb,24182,February,Feb,2,Wednesday,Wed,4,1,23
2/5/2015,20150205,2015,Q1-2015,8061,Q1,15-Feb,15-Feb,24182,February,Feb,2,Thursday,Thu,5,1,24
2/6/2015,20150206,2015,Q1-2015,8061,Q1,15-Feb,15-Feb,24182,February,Feb,2,Friday,Fri,6,1,25
2/7/2015,20150207,2015,Q1-2015,8061,Q1,15-Feb,15-Feb,24182,February,Feb,2,Saturday,Sat,7,0,25
2/8/2015,20150208,2015,Q1-2015,8061,Q1,15-Feb,15-Feb,24182,February,Feb,2,Sunday,Sun,1,0,25
2/9/2015,20150209,2015,Q1-2015,8061,Q1,15-Feb,15-Feb,24182,February,Feb,2,Monday,Mon,2,1,26
2/10/2015,20150210,2015,Q1-2015,8061,Q1,15-Feb,15-Feb,24182,February,Feb,2,Tuesday,Tue,3,1,27
2/11/2015,20150211,2015,Q1-2015,8061,Q1,15-Feb,15-Feb,24182,February,Feb,2,Wednesday,Wed,4,1,28
2/12/2015,20150212,2015,Q1-2015,8061,Q1,15-Feb,15-Feb,24182,February,Feb,2,Thursday,Thu,5,1,29
2/13/2015,20150213,2015,Q1-2015,8061,Q1,15-Feb,15-Feb,24182,February,Feb,2,Friday,Fri,6,1,30
2/14/2015,20150214,2015,Q1-2015,8061,Q1,15-Feb,15-Feb,24182,February,Feb,2,Saturday,Sat,7,0,30
2/15/2015,20150215,2015,Q1-2015,8061,Q1,15-Feb,15-Feb,24182,February,Feb,2,Sunday,Sun,1,0,30
2/16/2015,20150216,2015,Q1-2015,8061,Q1,15-Feb,15-Feb,24182,February,Feb,2,Monday,Mon,2,0,30
2/17/2015,20150217,2015,Q1-2015,8061,Q1,15-Feb,15-Feb,24182,February,Feb,2,Tuesday,Tue,3,1,31
2/18/2015,20150218,2015,Q1-2015,8061,Q1,15-Feb,15-Feb,24182,February,Feb,2,Wednesday,Wed,4,1,32
2/19/2015,20150219,2015,Q1-2015,8061,Q1,15-Feb,15-Feb,24182,February,Feb,2,Thursday,Thu,5,1,33
2/20/2015,20150220,2015,Q1-2015,8061,Q1,15-Feb,15-Feb,24182,February,Feb,2,Friday,Fri,6,1,34
2/21/2015,20150221,2015,Q1-2015,8061,Q1,15-Feb,15-Feb,24182,February,Feb,2,Saturday,Sat,7,0,34
2/22/2015,20150222,2015,Q1-2015,8061,Q1,15-Feb,15-Feb,24182,February,Feb,2,Sunday,Sun,1,0,34
2/23/2015,20150223,2015,Q1-2015,8061,Q1,15-Feb,15-Feb,24182,February,Feb,2,Monday,Mon,2,1,35
2/24/2015,20150224,2015,Q1-2015,8061,Q1,15-Feb,15-Feb,24182,February,Feb,2,Tuesday,Tue,3,1,36
2/25/2015,20150225,2015,Q1-2015,8061,Q1,15-Feb,15-Feb,24182,February,Feb,2,Wednesday,Wed,4,1,37
2/26/2015,20150226,2015,Q1-2015,8061,Q1,15-Feb,15-Feb,24182,February,Feb,2,Thursday,Thu,5,1,38
2/27/2015,20150227,2015,Q1-2015,8061,Q1,15-Feb,15-Feb,24182,February,Feb,2,Friday,Fri,6,1,39
2/28/2015,20150228,2015,Q1-2015,8061,Q1,15-Feb,15-Feb,24182,February,Feb,2,Saturday,Sat,7,0,39
3/1/2015,20150301,2015,Q1-2015,8061,Q1,15-Mar,15-Mar,24183,March,Mar,3,Sunday,Sun,1,0,39
3/2/2015,20150302,2015,Q1-2015,8061,Q1,15-Mar,15-Mar,24183,March,Mar,3,Monday,Mon,2,1,40
3/3/2015,20150303,2015,Q1-2015,8061,Q1,15-Mar,15-Mar,24183,March,Mar,3,Tuesday,Tue,3,1,41
3/4/2015,20150304,2015,Q1-2015,8061,Q1,15-Mar,15-Mar,24183,March,Mar,3,Wednesday,Wed,4,1,42
3/5/2015,20150305,2015,Q1-2015,8061,Q1,15-Mar,15-Mar,24183,March,Mar,3,Thursday,Thu,5,1,43
3/6/2015,20150306,2015,Q1-2015,8061,Q1,15-Mar,15-Mar,24183,March,Mar,3,Friday,Fri,6,1,44
3/7/2015,20150307,2015,Q1-2015,8061,Q1,15-Mar,15-Mar,24183,March,Mar,3,Saturday,Sat,7,0,44
3/8/2015,20150308,2015,Q1-2015,8061,Q1,15-Mar,15-Mar,24183,March,Mar,3,Sunday,Sun,1,0,44
3/9/2015,20150309,2015,Q1-2015,8061,Q1,15-Mar,15-Mar,24183,March,Mar,3,Monday,Mon,2,1,45
3/10/2015,20150310,2015,Q1-2015,8061,Q1,15-Mar,15-Mar,24183,March,Mar,3,Tuesday,Tue,3,1,46
3/11/2015,20150311,2015,Q1-2015,8061,Q1,15-Mar,15-Mar,24183,March,Mar,3,Wednesday,Wed,4,1,47
3/12/2015,20150312,2015,Q1-2015,8061,Q1,15-Mar,15-Mar,24183,March,Mar,3,Thursday,Thu,5,1,48
3/13/2015,20150313,2015,Q1-2015,8061,Q1,15-Mar,15-Mar,24183,March,Mar,3,Friday,Fri,6,1,49
3/14/2015,20150314,2015,Q1-2015,8061,Q1,15-Mar,15-Mar,24183,March,Mar,3,Saturday,Sat,7,0,49
3/15/2015,20150315,2015,Q1-2015,8061,Q1,15-Mar,15-Mar,24183,March,Mar,3,Sunday,Sun,1,0,49
3/16/2015,20150316,2015,Q1-2015,8061,Q1,15-Mar,15-Mar,24183,March,Mar,3,Monday,Mon,2,1,50
3/17/2015,20150317,2015,Q1-2015,8061,Q1,15-Mar,15-Mar,24183,March,Mar,3,Tuesday,Tue,3,1,51
3/18/2015,20150318,2015,Q1-2015,8061,Q1,15-Mar,15-Mar,24183,March,Mar,3,Wednesday,Wed,4,1,52
3/19/2015,20150319,2015,Q1-2015,8061,Q1,15-Mar,15-Mar,24183,March,Mar,3,Thursday,Thu,5,1,53
3/20/2015,20150320,2015,Q1-2015,8061,Q1,15-Mar,15-Mar,24183,March,Mar,3,Friday,Fri,6,1,54
3/21/2015,20150321,2015,Q1-2015,8061,Q1,15-Mar,15-Mar,24183,March,Mar,3,Saturday,Sat,7,0,54
3/22/2015,20150322,2015,Q1-2015,8061,Q1,15-Mar,15-Mar,24183,March,Mar,3,Sunday,Sun,1,0,54
3/23/2015,20150323,2015,Q1-2015,8061,Q1,15-Mar,15-Mar,24183,March,Mar,3,Monday,Mon,2,1,55
3/24/2015,20150324,2015,Q1-2015,8061,Q1,15-Mar,15-Mar,24183,March,Mar,3,Tuesday,Tue,3,1,56
3/25/2015,20150325,2015,Q1-2015,8061,Q1,15-Mar,15-Mar,24183,March,Mar,3,Wednesday,Wed,4,1,57
3/26/2015,20150326,2015,Q1-2015,8061,Q1,15-Mar,15-Mar,24183,March,Mar,3,Thursday,Thu,5,1,58
3/27/2015,20150327,2015,Q1-2015,8061,Q1,15-Mar,15-Mar,24183,March,Mar,3,Friday,Fri,6,1,59
3/28/2015,20150328,2015,Q1-2015,8061,Q1,15-Mar,15-Mar,24183,March,Mar,3,Saturday,Sat,7,0,59
3/29/2015,20150329,2015,Q1-2015,8061,Q1,15-Mar,15-Mar,24183,March,Mar,3,Sunday,Sun,1,0,59
3/30/2015,20150330,2015,Q1-2015,8061,Q1,15-Mar,15-Mar,24183,March,Mar,3,Monday,Mon,2,1,60
3/31/2015,20150331,2015,Q1-2015,8061,Q1,15-Mar,15-Mar,24183,March,Mar,3,Tuesday,Tue,3,1,61
4/1/2015,20150401,2015,Q2-2015,8062,Q2,15-Apr,15-Apr,24184,April,Apr,4,Wednesday,Wed,4,1,62
4/2/2015,20150402,2015,Q2-2015,8062,Q2,15-Apr,15-Apr,24184,April,Apr,4,Thursday,Thu,5,1,63
4/3/2015,20150403,2015,Q2-2015,8062,Q2,15-Apr,15-Apr,24184,April,Apr,4,Friday,Fri,6,1,64
4/4/2015,20150404,2015,Q2-2015,8062,Q2,15-Apr,15-Apr,24184,April,Apr,4,Saturday,Sat,7,0,64
4/5/2015,20150405,2015,Q2-2015,8062,Q2,15-Apr,15-Apr,24184,April,Apr,4,Sunday,Sun,1,0,64
4/6/2015,20150406,2015,Q2-2015,8062,Q2,15-Apr,15-Apr,24184,April,Apr,4,Monday,Mon,2,1,65
4/7/2015,20150407,2015,Q2-2015,8062,Q2,15-Apr,15-Apr,24184,April,Apr,4,Tuesday,Tue,3,1,66
4/8/2015,20150408,2015,Q2-2015,8062,Q2,15-Apr,15-Apr,24184,April,Apr,4,Wednesday,Wed,4,1,67
4/9/2015,20150409,2015,Q2-2015,8062,Q2,15-Apr,15-Apr,24184,April,Apr,4,Thursday,Thu,5,1,68
,,,,,,,,,,,,,,,,
,,,,,,,,,,,,,,,,
,,,,,,,,,,,,,,,,
,,,,,,,,,,,,,,,,
,,,,,,,,,,,,,,,,
,,,,,,,,,,,,,,,,
,,,,,,,,,,,,,,,,
,,,,,,,,,,,,,,,,
,,,,,,,,,,,,,,,,
,,,,,,,,,,,,,,,,
,,,,,,,,,,,,,,,,
,,,,,,,,,,,,,,,,
,,,,,,,,,,,,,,,,
,,,,,,,,,,,,,,,,
,,,,,,,,,,,,,,,,
,,,,,,,,,,,,,,,,
,,,,,,,,,,,,,,,,
,,,,,,,,,,,,,,,,
,,,,,,,,,,,,,,,,
,,,,,,,,,,,,,,,,
,,,,,,,,,,,,,,,,
,,,,,,,,,,,,,,,,
,,,,,,,,,,,,,,,,
,,,,,,,,,,,,,,,,
,,,,,,,,,,,,,,,,
,,,,,,,,,,,,,,,,
,,,,,,,,,,,,,,,,
,,,,,,,,,,,,,,,,
,,,,,,,,,,,,,,,,
,,,,,,,,,,,,,,,,
,,,,,,,,,,,,,,,,
,,,,,,,,,,,,,,,,
,,,,,,,,,,,,,,,,
,,,,,,,,,,,,,,,,
,,,,,,,,,,,,,,,,
,,,,,,,,,,,,,,,,
,,,,,,,,,,,,,,,,
,,,,,,,,,,,,,,,,
,,,,,,,,,,,,,,,,
,,,,,,,,,,,,,,,,
,,,,,,,,,,,,,,,,
,,,,,,,,,,,,,,,,
,,,,,,,,,,,,,,,,
,,,,,,,,,,,,,,,,
,,,,,,,,,,,,,,,,
,,,,,,,,,,,,,,,,
,,,,,,,,,,,,,,,,
,,,,,,,,,,,,,,,,
,,,,,,,,,,,,,,,,
,,,,,,,,,,,,,,,,
,,,,,,,,,,,,,,,,
,,,,,,,,,,,,,,,,
,,,,,,,,,,,,,,,,
,,,,,,,,,,,,,,,,
,,,,,,,,,,,,,,,,
,,,,,,,,,,,,,,,,
,,,,,,,,,,,,,,,,
,,,,,,,,,,,,,,,,
,,,,,,,,,,,,,,,,
,,,,,,,,,,,,,,,,
,,,,,,,,,,,,,,,,
,,,,,,,,,,,,,,,,
,,,,,,,,,,,,,,,,
,,,,,,,,,,,,,,,,
,,,,,,,,,,,,,,,,
,,,,,,,,,,,,,,,,
,,,,,,,,,,,,,,,,
,,,,,,,,,,,,,,,,
,,,,,,,,,,,,,,,,
,,,,,,,,,,,,,,,,
,,,,,,,,,,,,,,,,
,,,,,,,,,,,,,,,,
,,,,,,,,,,,,,,,,
,,,,,,,,,,,,,,,,
,,,,,,,,,,,,,,,,
,,,,,,,,,,,,,,,,
,,,,,,,,,,,,,,,,
,,,,,,,,,,,,,,,,
,,,,,,,,,,,,,,,,
,,,,,,,,,,,,,,,,
,,,,,,,,,,,,,,,,
,,,,,,,,,,,,,,,,
,,,,,,,,,,,,,,,,
,,,,,,,,,,,,,,,,
,,,,,,,,,,,,,,,,
,,,,,,,,,,,,,,,,
,,,,,,,,,,,,,,,,
,,,,,,,,,,,,,,,,
,,,,,,,,,,,,,,,,
,,,,,,,,,,,,,,,,
,,,,,,,,,,,,,,,,
,,,,,,,,,,,,,,,,
,,,,,,,,,,,,,,,,
,,,,,,,,,,,,,,,,
,,,,,,,,,,,,,,,,
,,,,,,,,,,,,,,,,
,,,,,,,,,,,,,,,,
,,,,,,,,,,,,,,,,
,,,,,,,,,,,,,,,,
,,,,,,,,,,,,,,,,
,,,,,,,,,,,,,,,,
,,,,,,,,,,,,,,,,
,,,,,,,,,,,,,,,,
,,,,,,,,,,,,,,,,
,,,,,,,,,,,,,,,,
,,,,,,,,,,,,,,,,
,,,,,,,,,,,,,,,,
,,,,,,,,,,,,,,,,
,,,,,,,,,,,,,,,,
,,,,,,,,,,,,,,,,
,,,,,,,,,,,,,,,,
,,,,,,,,,,,,,,,,
,,,,,,,,,,,,,,,,
,,,,,,,,,,,,,,,,
,,,,,,,,,,,,,,,,
,,,,,,,,,,,,,,,,
,,,,,,,,,,,,,,,,
,,,,,,,,,,,,,,,,
,,,,,,,,,,,,,,,,
,,,,,,,,,,,,,,,,
,,,,,,,,,,,,,,,,
,,,,,,,,,,,,,,,,
,,,,,,,,,,,,,,,,
,,,,,,,,,,,,,,,,
,,,,,,,,,,,,,,,,
,,,,,,,,,,,,,,,,
,,,,,,,,,,,,,,,,
,,,,,,,,,,,,,,,,
,,,,,,,,,,,,,,,,
,,,,,,,,,,,,,,,,
,,,,,,,,,,,,,,,,
,,,,,,,,,,,,,,,,
,,,,,,,,,,,,,,,,
,,,,,,,,,,,,,,,,
,,,,,,,,,,,,,,,,
,,,,,,,,,,,,,,,,
,,,,,,,,,,,,,,,,
,,,,,,,,,,,,,,,,
,,,,,,,,,,,,,,,,
,,,,,,,,,,,,,,,,
,,,,,,,,,,,,,,,,
,,,,,,,,,,,,,,,,
,,,,,,,,,,,,,,,,
,,,,,,,,,,,,,,,,
,,,,,,,,,,,,,,,,
,,,,,,,,,,,,,,,,
,,,,,,,,,,,,,,,,
,,,,,,,,,,,,,,,,
,,,,,,,,,,,,,,,,
,,,,,,,,,,,,,,,,
,,,,,,,,,,,,,,,,
,,,,,,,,,,,,,,,,
,,,,,,,,,,,,,,,,
,,,,,,,,,,,,,,,,
,,,,,,,,,,,,,,,,
,,,,,,,,,,,,,,,,
,,,,,,,,,,,,,,,,
,,,,,,,,,,,,,,,,
,,,,,,,,,,,,,,,,
,,,,,,,,,,,,,,,,
,,,,,,,,,,,,,,,,
,,,,,,,,,,,,,,,,
,,,,,,,,,,,,,,,,
,,,,,,,,,,,,,,,,
,,,,,,,,,,,,,,,,
,,,,,,,,,,,,,,,,
,,,,,,,,,,,,,,,,
,,,,,,,,,,,,,,,,
,,,,,,,,,,,,,,,,
,,,,,,,,,,,,,,,,
,,,,,,,,,,,,,,,,
,,,,,,,,,,,,,,,,
,,,,,,,,,,,,,,,,
,,,,,,,,,,,,,,,,
,,,,,,,,,,,,,,,,
,,,,,,,,,,,,,,,,
,,,,,,,,,,,,,,,,
,,,,,,,,,,,,,,,,
,,,,,,,,,,,,,,,,
,,,,,,,,,,,,,,,,
,,,,,,,,,,,,,,,,
,,,,,,,,,,,,,,,,
,,,,,,,,,,,,,,,,
,,,,,,,,,,,,,,,,
,,,,,,,,,,,,,,,,
,,,,,,,,,,,,,,,,
,,,,,,,,,,,,,,,,
,,,,,,,,,,,,,,,,
,,,,,,,,,,,,,,,,
,,,,,,,,,,,,,,,,
,,,,,,,,,,,,,,,,
,,,,,,,,,,,,,,,,
,,,,,,,,,,,,,,,,
,,,,,,,,,,,,,,,,
,,,,,,,,,,,,,,,,
,,,,,,,,,,,,,,,,
,,,,,,,,,,,,,,,,
,,,,,,,,,,,,,,,,
,,,,,,,,,,,,,,,,
,,,,,,,,,,,,,,,,
,,,,,,,,,,,,,,,,
,,,,,,,,,,,,,,,,
,,,,,,,,,,,,,,,,
,,,,,,,,,,,,,,,,
,,,,,,,,,,,,,,,,
,,,,,,,,,,,,,,,,
,,,,,,,,,,,,,,,,
,,,,,,,,,,,,,,,,
,,,,,,,,,,,,,,,,
,,,,,,,,,,,,,,,,
,,,,,,,,,,,,,,,,
,,,,,,,,,,,,,,,,
,,,,,,,,,,,,,,,,
,,,,,,,,,,,,,,,,
,,,,,,,,,,,,,,,,
,,,,,,,,,,,,,,,,
,,,,,,,,,,,,,,,,
,,,,,,,,,,,,,,,,
,,,,,,,,,,,,,,,,
,,,,,,,,,,,,,,,,
,,,,,,,,,,,,,,,,
,,,,,,,,,,,,,,,,
,,,,,,,,,,,,,,,,
,,,,,,,,,,,,,,,,
,,,,,,,,,,,,,,,,
,,,,,,,,,,,,,,,,
,,,,,,,,,,,,,,,,
,,,,,,,,,,,,,,,,
,,,,,,,,,,,,,,,,
,,,,,,,,,,,,,,,,
,,,,,,,,,,,,,,,,
,,,,,,,,,,,,,,,,
,,,,,,,,,,,,,,,,
,,,,,,,,,,,,,,,,
,,,,,,,,,,,,,,,,
,,,,,,,,,,,,,,,,
,,,,,,,,,,,,,,,,
,,,,,,,,,,,,,,,,
,,,,,,,,,,,,,,,,
,,,,,,,,,,,,,,,,
,,,,,,,,,,,,,,,,
,,,,,,,,,,,,,,,,
,,,,,,,,,,,,,,,,
,,,,,,,,,,,,,,,,
,,,,,,,,,,,,,,,,
,,,,,,,,,,,,,,,,
,,,,,,,,,,,,,,,,
,,,,,,,,,,,,,,,,
,,,,,,,,,,,,,,,,
,,,,,,,,,,,,,,,,
,,,,,,,,,,,,,,,,
,,,,,,,,,,,,,,,,
,,,,,,,,,,,,,,,,
,,,,,,,,,,,,,,,,
,,,,,,,,,,,,,,,,
,,,,,,,,,,,,,,,,
,,,,,,,,,,,,,,,,
,,,,,,,,,,,,,,,,
,,,,,,,,,,,,,,,,
,,,,,,,,,,,,,,,,
,,,,,,,,,,,,,,,,
,,,,,,,,,,,,,,,,
,,,,,,,,,,,,,,,,
,,,,,,,,,,,,,,,,
,,,,,,,,,,,,,,,,
,,,,,,,,,,,,,,,,
,,,,,,,,,,,,,,,,
,,,,,,,,,,,,,,,,
,,,,,,,,,,,,,,,,
,,,,,,,,,,,,,,,,
,,,,,,,,,,,,,,,,
,,,,,,,,,,,,,,,,
,,,,,,,,,,,,,,,,
,,,,,,,,,,,,,,,,
,,,,,,,,,,,,,,,,
,,,,,,,,,,,,,,,,
,,,,,,,,,,,,,,,,
,,,,,,,,,,,,,,,,
,,,,,,,,,,,,,,,,
,,,,,,,,,,,,,,,,
,,,,,,,,,,,,,,,,
,,,,,,,,,,,,,,,,
,,,,,,,,,,,,,,,,
,,,,,,,,,,,,,,,,
,,,,,,,,,,,,,,,,
,,,,,,,,,,,,,,,,
,,,,,,,,,,,,,,,,
,,,,,,,,,,,,,,,,
,,,,,,,,,,,,,,,,
,,,,,,,,,,,,,,,,
,,,,,,,,,,,,,,,,
,,,,,,,,,,,,,,,,
,,,,,,,,,,,,,,,,
,,,,,,,,,,,,,,,,
,,,,,,,,,,,,,,,,
,,,,,,,,,,,,,,,,
,,,,,,,,,,,,,,,,
,,,,,,,,,,,,,,,,
,,,,,,,,,,,,,,,,
,,,,,,,,,,,,,,,,
,,,,,,,,,,,,,,,,
,,,,,,,,,,,,,,,,
,,,,,,,,,,,,,,,,
,,,,,,,,,,,,,,,,
,,,,,,,,,,,,,,,,
,,,,,,,,,,,,,,,,
,,,,,,,,,,,,,,,,
,,,,,,,,,,,,,,,,
,,,,,,,,,,,,,,,,
,,,,,,,,,,,,,,,,
,,,,,,,,,,,,,,,,
,,,,,,,,,,,,,,,,
,,,,,,,,,,,,,,,,
,,,,,,,,,,,,,,,,
,,,,,,,,,,,,,,,,
,,,,,,,,,,,,,,,,
,,,,,,,,,,,,,,,,
,,,,,,,,,,,,,,,,
,,,,,,,,,,,,,,,,
,,,,,,,,,,,,,,,,
,,,,,,,,,,,,,,,,
,,,,,,,,,,,,,,,,
,,,,,,,,,,,,,,,,
,,,,,,,,,,,,,,,,
,,,,,,,,,,,,,,,,
,,,,,,,,,,,,,,,,
,,,,,,,,,,,,,,,,
,,,,,,,,,,,,,,,,
,,,,,,,,,,,,,,,,
,,,,,,,,,,,,,,,,
,,,,,,,,,,,,,,,,
,,,,,,,,,,,,,,,,
,,,,,,,,,,,,,,,,
,,,,,,,,,,,,,,,,
,,,,,,,,,,,,,,,,
,,,,,,,,,,,,,,,,
,,,,,,,,,,,,,,,,
,,,,,,,,,,,,,,,,
,,,,,,,,,,,,,,,,
,,,,,,,,,,,,,,,,
,,,,,,,,,,,,,,,,
,,,,,,,,,,,,,,,,
,,,,,,,,,,,,,,,,
,,,,,,,,,,,,,,,,
,,,,,,,,,,,,,,,,
,,,,,,,,,,,,,,,,
,,,,,,,,,,,,,,,,
,,,,,,,,,,,,,,,,
,,,,,,,,,,,,,,,,
,,,,,,,,,,,,,,,,
,,,,,,,,,,,,,,,,
,,,,,,,,,,,,,,,,
,,,,,,,,,,,,,,,,
,,,,,,,,,,,,,,,,
,,,,,,,,,,,,,,,,
,,,,,,,,,,,,,,,,
,,,,,,,,,,,,,,,,
,,,,,,,,,,,,,,,,
,,,,,,,,,,,,,,,,
,,,,,,,,,,,,,,,,
,,,,,,,,,,,,,,,,
,,,,,,,,,,,,,,,,
,,,,,,,,,,,,,,,,
,,,,,,,,,,,,,,,,
,,,,,,,,,,,,,,,,
,,,,,,,,,,,,,,,,
,,,,,,,,,,,,,,,,
,,,,,,,,,,,,,,,,
,,,,,,,,,,,,,,,,
,,,,,,,,,,,,,,,,
,,,,,,,,,,,,,,,,
,,,,,,,,,,,,,,,,
,,,,,,,,,,,,,,,,
,,,,,,,,,,,,,,,,
,,,,,,,,,,,,,,,,
,,,,,,,,,,,,,,,,
,,,,,,,,,,,,,,,,
,,,,,,,,,,,,,,,,
,,,,,,,,,,,,,,,,
,,,,,,,,,,,,,,,,
,,,,,,,,,,,,,,,,
,,,,,,,,,,,,,,,,
,,,,,,,,,,,,,,,,
,,,,,,,,,,,,,,,,
,,,,,,,,,,,,,,,,
,,,,,,,,,,,,,,,,
,,,,,,,,,,,,,,,,
,,,,,,,,,,,,,,,,
,,,,,,,,,,,,,,,,
,,,,,,,,,,,,,,,,
,,,,,,,,,,,,,,,,
,,,,,,,,,,,,,,,,
,,,,,,,,,,,,,,,,
,,,,,,,,,,,,,,,,
,,,,,,,,,,,,,,,,
,,,,,,,,,,,,,,,,
,,,,,,,,,,,,,,,,
,,,,,,,,,,,,,,,,
,,,,,,,,,,,,,,,,
,,,,,,,,,,,,,,,,
,,,,,,,,,,,,,,,,
,,,,,,,,,,,,,,,,
,,,,,,,,,,,,,,,,
,,,,,,,,,,,,,,,,
,,,,,,,,,,,,,,,,
,,,,,,,,,,,,,,,,
,,,,,,,,,,,,,,,,
,,,,,,,,,,,,,,,,
,,,,,,,,,,,,,,,,
,,,,,,,,,,,,,,,,
,,,,,,,,,,,,,,,,
,,,,,,,,,,,,,,,,
,,,,,,,,,,,,,,,,
,,,,,,,,,,,,,,,,
,,,,,,,,,,,,,,,,
,,,,,,,,,,,,,,,,
,,,,,,,,,,,,,,,,
,,,,,,,,,,,,,,,,
,,,,,,,,,,,,,,,,
,,,,,,,,,,,,,,,,
,,,,,,,,,,,,,,,,
,,,,,,,,,,,,,,,,
,,,,,,,,,,,,,,,,
,,,,,,,,,,,,,,,,
,,,,,,,,,,,,,,,,
,,,,,,,,,,,,,,,,
,,,,,,,,,,,,,,,,
,,,,,,,,,,,,,,,,
,,,,,,,,,,,,,,,,
,,,,,,,,,,,,,,,,
,,,,,,,,,,,,,,,,
,,,,,,,,,,,,,,,,
,,,,,,,,,,,,,,,,
,,,,,,,,,,,,,,,,
,,,,,,,,,,,,,,,,
,,,,,,,,,,,,,,,,
,,,,,,,,,,,,,,,,
,,,,,,,,,,,,,,,,
,,,,,,,,,,,,,,,,
,,,,,,,,,,,,,,,,
,,,,,,,,,,,,,,,,
,,,,,,,,,,,,,,,,
,,,,,,,,,,,,,,,,
,,,,,,,,,,,,,,,,
,,,,,,,,,,,,,,,,
,,,,,,,,,,,,,,,,
,,,,,,,,,,,,,,,,
,,,,,,,,,,,,,,,,
,,,,,,,,,,,,,,,,
,,,,,,,,,,,,,,,,
,,,,,,,,,,,,,,,,
,,,,,,,,,,,,,,,,
,,,,,,,,,,,,,,,,
,,,,,,,,,,,,,,,,
,,,,,,,,,,,,,,,,
,,,,,,,,,,,,,,,,
,,,,,,,,,,,,,,,,
,,,,,,,,,,,,,,,,
,,,,,,,,,,,,,,,,
,,,,,,,,,,,,,,,,
,,,,,,,,,,,,,,,,
,,,,,,,,,,,,,,,,
,,,,,,,,,,,,,,,,
,,,,,,,,,,,,,,,,
,,,,,,,,,,,,,,,,
,,,,,,,,,,,,,,,,
,,,,,,,,,,,,,,,,
,,,,,,,,,,,,,,,,
,,,,,,,,,,,,,,,,
,,,,,,,,,,,,,,,,
,,,,,,,,,,,,,,,,
,,,,,,,,,,,,,,,,
,,,,,,,,,,,,,,,,
,,,,,,,,,,,,,,,,
,,,,,,,,,,,,,,,,
,,,,,,,,,,,,,,,,
,,,,,,,,,,,,,,,,
,,,,,,,,,,,,,,,,
,,,,,,,,,,,,,,,,
,,,,,,,,,,,,,,,,
,,,,,,,,,,,,,,,,
,,,,,,,,,,,,,,,,
,,,,,,,,,,,,,,,,
,,,,,,,,,,,,,,,,
,,,,,,,,,,,,,,,,
,,,,,,,,,,,,,,,,
,,,,,,,,,,,,,,,,
,,,,,,,,,,,,,,,,
,,,,,,,,,,,,,,,,
,,,,,,,,,,,,,,,,
,,,,,,,,,,,,,,,,
,,,,,,,,,,,,,,,,
,,,,,,,,,,,,,,,,
,,,,,,,,,,,,,,,,
,,,,,,,,,,,,,,,,
,,,,,,,,,,,,,,,,
,,,,,,,,,,,,,,,,
,,,,,,,,,,,,,,,,
,,,,,,,,,,,,,,,,
,,,,,,,,,,,,,,,,
,,,,,,,,,,,,,,,,
,,,,,,,,,,,,,,,,
,,,,,,,,,,,,,,,,
,,,,,,,,,,,,,,,,
,,,,,,,,,,,,,,,,
,,,,,,,,,,,,,,,,
,,,,,,,,,,,,,,,,
,,,,,,,,,,,,,,,,
,,,,,,,,,,,,,,,,
,,,,,,,,,,,,,,,,
,,,,,,,,,,,,,,,,
,,,,,,,,,,,,,,,,
,,,,,,,,,,,,,,,,
,,,,,,,,,,,,,,,,
,,,,,,,,,,,,,,,,
,,,,,,,,,,,,,,,,
,,,,,,,,,,,,,,,,
,,,,,,,,,,,,,,,,
,,,,,,,,,,,,,,,,
,,,,,,,,,,,,,,,,
,,,,,,,,,,,,,,,,
,,,,,,,,,,,,,,,,
,,,,,,,,,,,,,,,,
,,,,,,,,,,,,,,,,
,,,,,,,,,,,,,,,,
,,,,,,,,,,,,,,,,
,,,,,,,,,,,,,,,,
,,,,,,,,,,,,,,,,
,,,,,,,,,,,,,,,,
,,,,,,,,,,,,,,,,
,,,,,,,,,,,,,,,,
,,,,,,,,,,,,,,,,
,,,,,,,,,,,,,,,,
,,,,,,,,,,,,,,,,
,,,,,,,,,,,,,,,,
,,,,,,,,,,,,,,,,
,,,,,,,,,,,,,,,,
,,,,,,,,,,,,,,,,
,,,,,,,,,,,,,,,,
,,,,,,,,,,,,,,,,
,,,,,,,,,,,,,,,,
,,,,,,,,,,,,,,,,
,,,,,,,,,,,,,,,,
,,,,,,,,,,,,,,,,
,,,,,,,,,,,,,,,,
,,,,,,,,,,,,,,,,
,,,,,,,,,,,,,,,,
,,,,,,,,,,,,,,,,
,,,,,,,,,,,,,,,,
,,,,,,,,,,,,,,,,
,,,,,,,,,,,,,,,,
,,,,,,,,,,,,,,,,
,,,,,,,,,,,,,,,,
,,,,,,,,,,,,,,,,
,,,,,,,,,,,,,,,,
,,,,,,,,,,,,,,,,
,,,,,,,,,,,,,,,,
,,,,,,,,,,,,,,,,
,,,,,,,,,,,,,,,,
,,,,,,,,,,,,,,,,
,,,,,,,,,,,,,,,,
,,,,,,,,,,,,,,,,
,,,,,,,,,,,,,,,,
,,,,,,,,,,,,,,,,
,,,,,,,,,,,,,,,,
,,,,,,,,,,,,,,,,
,,,,,,,,,,,,,,,,
,,,,,,,,,,,,,,,,
,,,,,,,,,,,,,,,,
,,,,,,,,,,,,,,,,
,,,,,,,,,,,,,,,,
,,,,,,,,,,,,,,,,
,,,,,,,,,,,,,,,,
,,,,,,,,,,,,,,,,
,,,,,,,,,,,,,,,,
,,,,,,,,,,,,,,,,
,,,,,,,,,,,,,,,,
,,,,,,,,,,,,,,,,
,,,,,,,,,,,,,,,,
,,,,,,,,,,,,,,,,
,,,,,,,,,,,,,,,,
,,,,,,,,,,,,,,,,
,,,,,,,,,,,,,,,,
,,,,,,,,,,,,,,,,
,,,,,,,,,,,,,,,,
,,,,,,,,,,,,,,,,
,,,,,,,,,,,,,,,,
,,,,,,,,,,,,,,,,
,,,,,,,,,,,,,,,,
,,,,,,,,,,,,,,,,
,,,,,,,,,,,,,,,,
,,,,,,,,,,,,,,,,
,,,,,,,,,,,,,,,,
,,,,,,,,,,,,,,,,
,,,,,,,,,,,,,,,,
,,,,,,,,,,,,,,,,
,,,,,,,,,,,,,,,,
,,,,,,,,,,,,,,,,
,,,,,,,,,,,,,,,,
,,,,,,,,,,,,,,,,
,,,,,,,,,,,,,,,,
,,,,,,,,,,,,,,,,
,,,,,,,,,,,,,,,,
,,,,,,,,,,,,,,,,
,,,,,,,,,,,,,,,,
,,,,,,,,,,,,,,,,
,,,,,,,,,,,,,,,,
,,,,,,,,,,,,,,,,
,,,,,,,,,,,,,,,,
,,,,,,,,,,,,,,,,
,,,,,,,,,,,,,,,,
,,,,,,,,,,,,,,,,
,,,,,,,,,,,,,,,,
,,,,,,,,,,,,,,,,
,,,,,,,,,,,,,,,,
,,,,,,,,,,,,,,,,
,,,,,,,,,,,,,,,,
,,,,,,,,,,,,,,,,
,,,,,,,,,,,,,,,,
,,,,,,,,,,,,,,,,
,,,,,,,,,,,,,,,,
,,,,,,,,,,,,,,,,
,,,,,,,,,,,,,,,,
,,,,,,,,,,,,,,,,
,,,,,,,,,,,,,,,,
,,,,,,,,,,,,,,,,
,,,,,,,,,,,,,,,,
,,,,,,,,,,,,,,,,
,,,,,,,,,,,,,,,,
,,,,,,,,,,,,,,,,
,,,,,,,,,,,,,,,,
,,,,,,,,,,,,,,,,
,,,,,,,,,,,,,,,,
,,,,,,,,,,,,,,,,
,,,,,,,,,,,,,,,,
,,,,,,,,,,,,,,,,
,,,,,,,,,,,,,,,,
,,,,,,,,,,,,,,,,
,,,,,,,,,,,,,,,,
,,,,,,,,,,,,,,,,
,,,,,,,,,,,,,,,,
,,,,,,,,,,,,,,,,
,,,,,,,,,,,,,,,,
,,,,,,,,,,,,,,,,
,,,,,,,,,,,,,,,,
,,,,,,,,,,,,,,,,
,,,,,,,,,,,,,,,,
,,,,,,,,,,,,,,,,
,,,,,,,,,,,,,,,,
,,,,,,,,,,,,,,,,
,,,,,,,,,,,,,,,,
,,,,,,,,,,,,,,,,
,,,,,,,,,,,,,,,,
,,,,,,,,,,,,,,,,
,,,,,,,,,,,,,,,,
,,,,,,,,,,,,,,,,
,,,,,,,,,,,,,,,,
,,,,,,,,,,,,,,,,
,,,,,,,,,,,,,,,,
,,,,,,,,,,,,,,,,
,,,,,,,,,,,,,,,,
,,,,,,,,,,,,,,,,
,,,,,,,,,,,,,,,,
,,,,,,,,,,,,,,,,
,,,,,,,,,,,,,,,,
,,,,,,,,,,,,,,,,
,,,,,,,,,,,,,,,,
,,,,,,,,,,,,,,,,
,,,,,,,,,,,,,,,,
,,,,,,,,,,,,,,,,
,,,,,,,,,,,,,,,,
,,,,,,,,,,,,,,,,
,,,,,,,,,,,,,,,,
,,,,,,,,,,,,,,,,
,,,,,,,,,,,,,,,,
,,,,,,,,,,,,,,,,
,,,,,,,,,,,,,,,,
,,,,,,,,,,,,,,,,
,,,,,,,,,,,,,,,,
,,,,,,,,,,,,,,,,
,,,,,,,,,,,,,,,,
,,,,,,,,,,,,,,,,
,,,,,,,,,,,,,,,,
,,,,,,,,,,,,,,,,
,,,,,,,,,,,,,,,,
,,,,,,,,,,,,,,,,
,,,,,,,,,,,,,,,,
,,,,,,,,,,,,,,,,
,,,,,,,,,,,,,,,,
,,,,,,,,,,,,,,,,
,,,,,,,,,,,,,,,,
,,,,,,,,,,,,,,,,
,,,,,,,,,,,,,,,,
,,,,,,,,,,,,,,,,
,,,,,,,,,,,,,,,,
,,,,,,,,,,,,,,,,
,,,,,,,,,,,,,,,,
,,,,,,,,,,,,,,,,
,,,,,,,,,,,,,,,,
,,,,,,,,,,,,,,,,
,,,,,,,,,,,,,,,,
,,,,,,,,,,,,,,,,
,,,,,,,,,,,,,,,,
,,,,,,,,,,,,,,,,
,,,,,,,,,,,,,,,,
,,,,,,,,,,,,,,,,
,,,,,,,,,,,,,,,,
,,,,,,,,,,,,,,,,
,,,,,,,,,,,,,,,,
,,,,,,,,,,,,,,,,
,,,,,,,,,,,,,,,,
,,,,,,,,,,,,,,,,
,,,,,,,,,,,,,,,,
,,,,,,,,,,,,,,,,
,,,,,,,,,,,,,,,,
,,,,,,,,,,,,,,,,
,,,,,,,,,,,,,,,,
,,,,,,,,,,,,,,,,
,,,,,,,,,,,,,,,,
,,,,,,,,,,,,,,,,
,,,,,,,,,,,,,,,,
,,,,,,,,,,,,,,,,
,,,,,,,,,,,,,,,,
,,,,,,,,,,,,,,,,
,,,,,,,,,,,,,,,,
,,,,,,,,,,,,,,,,
,,,,,,,,,,,,,,,,
,,,,,,,,,,,,,,,,
,,,,,,,,,,,,,,,,
,,,,,,,,,,,,,,,,
,,,,,,,,,,,,,,,,
,,,,,,,,,,,,,,,,
,,,,,,,,,,,,,,,,
,,,,,,,,,,,,,,,,
,,,,,,,,,,,,,,,,
,,,,,,,,,,,,,,,,
,,,,,,,,,,,,,,,,
,,,,,,,,,,,,,,,,
,,,,,,,,,,,,,,,,
,,,,,,,,,,,,,,,,
,,,,,,,,,,,,,,,,
,,,,,,,,,,,,,,,,
,,,,,,,,,,,,,,,,
,,,,,,,,,,,,,,,,
,,,,,,,,,,,,,,,,
,,,,,,,,,,,,,,,,
,,,,,,,,,,,,,,,,
,,,,,,,,,,,,,,,,
,,,,,,,,,,,,,,,,
,,,,,,,,,,,,,,,,
,,,,,,,,,,,,,,,,
,,,,,,,,,,,,,,,,
,,,,,,,,,,,,,,,,
,,,,,,,,,,,,,,,,
,,,,,,,,,,,,,,,,
,,,,,,,,,,,,,,,,
,,,,,,,,,,,,,,,,
,,,,,,,,,,,,,,,,
,,,,,,,,,,,,,,,,
,,,,,,,,,,,,,,,,
,,,,,,,,,,,,,,,,
,,,,,,,,,,,,,,,,
,,,,,,,,,,,,,,,,
,,,,,,,,,,,,,,,,
,,,,,,,,,,,,,,,,
,,,,,,,,,,,,,,,,
,,,,,,,,,,,,,,,,
,,,,,,,,,,,,,,,,
,,,,,,,,,,,,,,,,
,,,,,,,,,,,,,,,,
,,,,,,,,,,,,,,,,
,,,,,,,,,,,,,,,,
,,,,,,,,,,,,,,,,
,,,,,,,,,,,,,,,,
,,,,,,,,,,,,,,,,
,,,,,,,,,,,,,,,,
,,,,,,,,,,,,,,,,
,,,,,,,,,,,,,,,,
,,,,,,,,,,,,,,,,
,,,,,,,,,,,,,,,,
,,,,,,,,,,,,,,,,
,,,,,,,,,,,,,,,,
,,,,,,,,,,,,,,,,
,,,,,,,,,,,,,,,,
,,,,,,,,,,,,,,,,
,,,,,,,,,,,,,,,,
,,,,,,,,,,,,,,,,
,,,,,,,,,,,,,,,,
,,,,,,,,,,,,,,,,
,,,,,,,,,,,,,,,,
,,,,,,,,,,,,,,,,
,,,,,,,,,,,,,,,,
,,,,,,,,,,,,,,,,
,,,,,,,,,,,,,,,,
,,,,,,,,,,,,,,,,
,,,,,,,,,,,,,,,,
,,,,,,,,,,,,,,,,
,,,,,,,,,,,,,,,,
,,,,,,,,,,,,,,,,
,,,,,,,,,,,,,,,,
,,,,,,,,,,,,,,,,
,,,,,,,,,,,,,,,,
,,,,,,,,,,,,,,,,
,,,,,,,,,,,,,,,,
,,,,,,,,,,,,,,,,
,,,,,,,,,,,,,,,,
,,,,,,,,,,,,,,,,
,,,,,,,,,,,,,,,,
,,,,,,,,,,,,,,,,
,,,,,,,,,,,,,,,,
,,,,,,,,,,,,,,,,
,,,,,,,,,,,,,,,,
,,,,,,,,,,,,,,,,
,,,,,,,,,,,,,,,,
,,,,,,,,,,,,,,,,
,,,,,,,,,,,,,,,,
,,,,,,,,,,,,,,,,
,,,,,,,,,,,,,,,,
,,,,,,,,,,,,,,,,
,,,,,,,,,,,,,,,,
,,,,,,,,,,,,,,,,
,,,,,,,,,,,,,,,,
,,,,,,,,,,,,,,,,
,,,,,,,,,,,,,,,,
,,,,,,,,,,,,,,,,
,,,,,,,,,,,,,,,,
,,,,,,,,,,,,,,,,
,,,,,,,,,,,,,,,,
,,,,,,,,,,,,,,,,
,,,,,,,,,,,,,,,,
,,,,,,,,,,,,,,,,
,,,,,,,,,,,,,,,,
,,,,,,,,,,,,,,,,
,,,,,,,,,,,,,,,,
,,,,,,,,,,,,,,,,
,,,,,,,,,,,,,,,,
,,,,,,,,,,,,,,,,
,,,,,,,,,,,,,,,,
,,,,,,,,,,,,,,,,
,,,,,,,,,,,,,,,,
,,,,,,,,,,,,,,,,
,,,,,,,,,,,,,,,,
,,,,,,,,,,,,,,,,
,,,,,,,,,,,,,,,,
,,,,,,,,,,,,,,,,
,,,,,,,,,,,,,,,,
,,,,,,,,,,,,,,,,
,,,,,,,,,,,,,,,,
,,,,,,,,,,,,,,,,
,,,,,,,,,,,,,,,,
,,,,,,,,,,,,,,,,
,,,,,,,,,,,,,,,,
,,,,,,,,,,,,,,,,
,,,,,,,,,,,,,,,,
,,,,,,,,,,,,,,,,
,,,,,,,,,,,,,,,,
,,,,,,,,,,,,,,,,
,,,,,,,,,,,,,,,,
,,,,,,,,,,,,,,,,
,,,,,,,,,,,,,,,,
,,,,,,,,,,,,,,,,
,,,,,,,,,,,,,,,,
,,,,,,,,,,,,,,,,
,,,,,,,,,,,,,,,,
,,,,,,,,,,,,,,,,
,,,,,,,,,,,,,,,,
,,,,,,,,,,,,,,,,
,,,,,,,,,,,,,,,,
,,,,,,,,,,,,,,,,
,,,,,,,,,,,,,,,,
,,,,,,,,,,,,,,,,
,,,,,,,,,,,,,,,,
,,,,,,,,,,,,,,,,
,,,,,,,,,,,,,,,,
,,,,,,,,,,,,,,,,
,,,,,,,,,,,,,,,,
,,,,,,,,,,,,,,,,
,,,,,,,,,,,,,,,,
,,,,,,,,,,,,,,,,
,,,,,,,,,,,,,,,,
,,,,,,,,,,,,,,,,
,,,,,,,,,,,,,,,,
,,,,,,,,,,,,,,,,
,,,,,,,,,,,,,,,,
,,,,,,,,,,,,,,,,
,,,,,,,,,,,,,,,,
,,,,,,,,,,,,,,,,
,,,,,,,,,,,,,,,,
,,,,,,,,,,,,,,,,
,,,,,,,,,,,,,,,,
,,,,,,,,,,,,,,,,
,,,,,,,,,,,,,,,,
,,,,,,,,,,,,,,,,
,,,,,,,,,,,,,,,,
,,,,,,,,,,,,,,,,
,,,,,,,,,,,,,,,,
,,,,,,,,,,,,,,,,
,,,,,,,,,,,,,,,,
,,,,,,,,,,,,,,,,
,,,,,,,,,,,,,,,,
